"CMMS_ASSET_ID","STREET_NAME","STREET_NUMBER","PI_TAG"
"LS-002867","WESTERN WAY","8617","WWL:SOUTH:WES8617B"
"LS-004352","DURBANS POINT PL","12512","WWL:NORTH:DUR12512"
"LS-004358","REFLECTIONS AVE","86","WWL:STJOHNS:REF86"
"LS-004370","JUNIPER HILLS DR","658","WWL:STJOHNS:JUN658"
"LS-004384","GRAND LAKES DR","157","WWL:STJOHNS:GRA157"
"LS-004391","BRADDOCK LAKES DR","6808",NA
"LS-004393","ANGELS LANDING CT","15964",NA
"LS-004399","SPOTTED SEA DR","10076","WWL:STJOHNS:SPO10076"
"LS-004400","BUSTO CIR","7094","WWL:WEST:BUS7094"
"LS-004349","DRIFTWOOD CT","75425","WWL:NASSAU:DRI75425"
"LS-004355","BLACKROCK COVE WAY","96736","WWL:NASSAU:BLA96736"
"LS-001791","PONTE VEDRA BLVD","216","WWL:STJOHNS:PON216"
"LS-004359","STILLPOINT WAY","96382","WWL:NASSAU:STI96382"
"LS-004373","DEL WEBB PKWY","1013","WWL:NASSAU:DEL1013"
"LS-004409","SCENIC BRUSH LN","15750",NA
"LS-000719","DETAILLE DR","4735","WWL:NORTH:DET4735"
"LS-001196","KINGSTON DR","226",NA
"LS-001184","KERNAN BLVD N","102","WWL:EAST:KER102-1"
"LS-003892","FOOTBRIDGE RD","219",NA
"LS-003888","MAIN ST N","10733",NA
"LS-004087","GREENLAND ENERGY CENTER DR ","6850",NA
"LS-004149","TOWN VIEW DR","11178","WWL:SOUTH:TOW11178"
"LS-004224","WABASH BLVD","5343","WWL:WEST:WAB5343"
"LS-004301","GRETA CT","5812","WWL:NORTH:GRE5812"
"LS-004347","WIND ROW DR","14101","WWL:STJOHNS:WIN14101"
"LS-004366","LILIAS CIR","8574","WWL:WEST:LIL8574"
"LS-004368","CAIDEN DR","750","WWL:STJOHNS:CAI750"
"LS-004378","ELMO LN","8699","WWL:WEST:ELM8699"
"LS-004394","RACE TRACK RD","4636","WWL:STJOHNS:RAC4636"
"LS-004330","BARREN WAY","123",NA
"LS-004379","LINGER LONGER AVE","504","WWL:NASSAU:LIN504"
"LS-004406","SANDY BLUFF LA","686",NA
"LS-004408","EVER RANGE PKWY","12297","WWL:STJOHNS:EVE12297"
"LS-001789","POMPANO DR","5838","WWL:EAST:POM5838"
"LS-004410","ELIZABETH LN","145",NA
"LS-000160","ATLANTIC BLVD","12570","WWL:EAST:ATL12570"
"LS-001788","POINT PARK DR","12621","WWL:EAST:POI12621"
"LS-000432","BLUE EAGLE WAY","12668","WWL:EAST:BLU12668"
"LS-001437","MEADOWSWEET LN","12785","WWL:EAST:MEA12785"
"LS-001973","SAN JOSE BLVD","5000","WWL:EAST:SAN5000"
"LS-001688","PATSY ANNE DR","2450","WWL:EAST:PAT2450"
"LS-001867","RICHARD ST","4903","WWL:EAST:RIC4903"
"LS-001941","SALISBURY RD","6903","WWL:SOUTH:SAL6903"
"LS-002088","SOUTHBROOK DR","9586","WWL:SOUTH:SOU9586"
"LS-001087","HILSDALE RD","8051","WWL:SOUTH:HIL8051"
"LS-000372","BELFORT RD","3329","WWL:SOUTH:BEL3329"
"LS-002075","SLEIMAN PKWY","4302","WWL:SOUTH:SLE4302"
"LS-000696","DEER LAKE DR E","4831","WWL:SOUTH:DEE4831"
"LS-001703","PERIMETER PARK BLVD","8784","WWL:SOUTH:PER8784"
"LS-000710","DEERWOOD POINT PL","7709","WWL:SOUTH:DEE7709"
"LS-001187","FIRST COAST TECH PKWY","5192","WWL:EAST:FIR5192"
"LS-002007","SAN PABLO RD S","4950","WWL:EAST:SAN4950"
"LS-000349","BEAUCLERC RD","2860","WWL:SOUTH:BEA2860"
"LS-002231","SUNBEAM RD","4083","WWL:SOUTH:SUN4083"
"LS-001957","SAN JOSE BLVD","10391","WWL:SOUTH:SAN10391"
"LS-001365","LOSCO RD","4440","WWL:SOUTH:LOS4440"
"LS-001105","HOOD RD","10142","WWL:SOUTH:HOO10142"
"LS-001934","SABAL OAK LN","8245","WWL:SOUTH:SAB8245"
"LS-001750","PHILLIPS INDUSTRIAL BLVD","6752","WWL:SOUTH:PHI6752"
"LS-000630","CORKLAN DR","7250","WWL:STJOHNS:COR7250"
"LS-000098","ALUMNI WAY","11220","WWL:SOUTH:ALU11220"
"LS-001160","JOHN PROM BLVD","2465","WWL:EAST:JOH2465"
"LS-000753","DUNN AVE","3000","WWL:NORTH:DUN3000"
"LS-001026","HARTS RD","10991","WWL:NORTH:HAR10991"
"LS-000485","BROWARD RD","1530","WWL:NORTH:BRO1530"
"LS-000226","BAISDEN RD","74","WWL:NORTH:BAI74"
"LS-001770","PINE MOSS RD","861","WWL:NORTH:PIN861"
"LS-000634","CORPORATE SQUARE BLVD","1706","WWL:EAST:COR1706"
"LS-000385","BIGGIN CHURCH RD W","3891","WWL:EAST:BIG3891"
"LS-000512","CANYON FALLS DR S","14051","WWL:EAST:CAN14051"
"LS-002003","SAN PABLO RD S","2702","WWL:EAST:SAN2702"
"LS-000654","CRESTWICK DR E","13993","WWL:NORTH:CRE13993"
"LS-002033","SEMINOLE AVE","1103","WWL:WEST:SEM1103"
"LS-000476","BROADWAY AVE","6630","WWL:WEST:BRO6630"
"LS-002052","SHINDLER DR","5490","WWL:WEST:SHI5490"
"LS-000658","CRYSTAL SPRINGS RD","9598","WWL:WEST:CRY9598"
"LS-000992","GREENWOOD AVE","1990","WWL:WEST:GRE1990"
"LS-001222","LAKE SHORE BLVD","1755","WWL:WEST:LAK1755"
"LS-002277","TIMUQUANA RD","4881","WWL:WEST:TIM4881"
"LS-001492","MORET DR E","5631","WWL:WEST:MOR5631"
"LS-002054","SHINDLER DR","7520","WWL:WEST:SHI7520"
"LS-001136","INVERMERE BLVD","7702","WWL:WEST:INV7702"
"LS-000368","BEECHFERN LN E","8622","WWL:WEST:BEE8622"
"LS-000116","ARGYLE FOREST BLVD","6491","WWL:WEST:ARG6491"
"LS-000570","CHESWICK OAK AVE","8550","WWL:WEST:CHE8550"
"LS-001390","MANDARIN RD","12931","WWL:SOUTH:MAN12931"
"LS-001891","RIVERGATE TRL","1737","WWL:SOUTH:RIV1737"
"LS-001647","ORANGE PICKER RD","2520","WWL:SOUTH:ORA2520"
"LS-001965","SAN JOSE BLVD","12200","WWL:SOUTH:SAN12200"
"LS-001040","HEATHER GROVE LN","11745","WWL:SOUTH:HEA11745"
"LS-001646","OLDFIELD POINT DR","11969","WWL:SOUTH:OLD11969"
"LS-000721","DEWBERRY DR","801","WWL:STJOHNS:DEW801"
"LS-001396","MANEY DR","2235","WWL:SOUTH:MAN2235"
"LS-000763","DUSKIN DR","901","WWL:EAST:DUS901"
"LS-001267","LANSDOWNE DR","2421","WWL:EAST:LAN2421"
"LS-000057","ABBEYFIELD LN","3215","WWL:EAST:ABB3215"
"LS-002010","SANDBURG RD","3446","WWL:EAST:SAN3446"
"LS-001281","LEESBURG DR","3596","WWL:EAST:LEE3596"
"LS-000813","EDGEWOOD AVE W","904","WWL:NORTH:EDG904"
"LS-000891","FLORADALE DR S","2751","WWL:NORTH:FLO2751"
"LS-001357","LONGLEAF ST","5175","WWL:NORTH:LON5175"
"LS-001195","KINGSBURY ST","4140","WWL:WEST:KIN4140"
"LS-002189","STANDISH PL","718","WWL:NORTH:STA718"
"LS-000083","ALDEN RD","12106","WWL:EAST:ALD12106"
"LS-000667","CURRITUCK DR N","13410","WWL:EAST:CUR13410"
"LS-001929","RUNNING RIVER RD","1350","WWL:EAST:RUN1350"
"LS-002456","WINDY WILLOWS DR N","12665","WWL:EAST:WIN12665"
"LS-000401","BLAGDON CT","460","WWL:EAST:BLA460"
"LS-002391","WASHINGTON ST N","600","WWL:NORTH:WAS600"
"LS-002158","ST AUGUSTINE RD","5805","WWL:EAST:STA5805"
"LS-000439","BOATWRIGHT WAY","3500","WWL:SOUTH:BOA3500"
"LS-000441","BONNEVAL RD","6961","WWL:SOUTH:BON6961"
"LS-001518","NATIONS WAY","8205","WWL:SOUTH:NAT8205"
"LS-000371","BELFORT PKWY","7803","WWL:SOUTH:BEL7803"
"LS-001099","HOLLYRIDGE RD","7871","WWL:SOUTH:HOL7871"
"LS-000571","CHETS CREEK BLVD","13225","WWL:EAST:CHE13225"
"LS-002436","W M DAVIS PKWY W","13812","WWL:EAST:WIL13812"
"LS-000147","ARUNDEL WAY","9099","WWL:SOUTH:ARU9099"
"LS-002387","WALNUT BEND","4269","WWL:SOUTH:WAL4269"
"LS-001388","MANDARIN RD","11741","WWL:SOUTH:MAN11741"
"LS-001961","SAN JOSE BLVD","11247","WWL:SOUTH:SAN11247"
"LS-001368","LOSCO RD","5141","WWL:SOUTH:LOS5141"
"LS-000148","ASHFORD CROSSING DR","10031","WWL:SOUTH:ASH10031"
"LS-000699","DEERCREEK CLUB RD E","10000","WWL:SOUTH:DEE10000"
"LS-000254","BAYMEADOWS RD","10702","WWL:SOUTH:BAY10702"
"LS-000374","BELLE RIVE BLVD","10222","WWL:SOUTH:BEL10222"
"LS-002275","TIMBERLIN LAKE RD","9025","WWL:SOUTH:TIM9025"
"LS-001363","LORETTO RD","4008","WWL:SOUTH:LOR4008"
"LS-002400","WEATHERWOOD ESTATES DR","4174","WWL:SOUTH:WEA4174"
"LS-001805","PRAIRIE VIEW DR","12250","WWL:SOUTH:PRA12250"
"LS-001104","HOOD LANDING RD","12403","WWL:SOUTH:HOO12403"
"LS-000399","BLACKBERRY LN","921","WWL:STJOHNS:BLA921"
"LS-002009","SANDALWOOD BLVD","1767","WWL:EAST:SAN1767"
"LS-001269","LANTANA LAKES DR E","2841","WWL:EAST:LAN2841"
"LS-000962","GOLDENROD CIR N","12005","WWL:EAST:GOL12005"
"LS-000384","BIGGIN CHURCH RD S","13215","WWL:EAST:BIG13215"
"LS-001383","MAJESTIC OAKS DR","3482","WWL:EAST:MAJ3482"
"LS-000529","CASTAWAY DR","2499","WWL:EAST:CAS2499"
"LS-000511","CANOPY OVERLOOK CT","13996","WWL:EAST:CAN13996"
"LS-002131","SPRING PARK RD","4511","WWL:EAST:SPR4511"
"LS-000489","BRYAN ST","250","WWL:NORTH:BRY250"
"LS-002466","WOODLEY CREEK BLVD","10340","WWL:NORTH:WOO10340"
"LS-001695","PECAN PARK RD","14201","WWL:NORTH:PEC14201"
"LS-001696","PECAN PARK RD","14300","WWL:NORTH:PEC14300"
"LS-001477","MONCRIEF RD W","5447","WWL:NORTH:MON5447"
"LS-001471","MISSISSIPPI CT","4840","WWL:NORTH:MIS4840"
"LS-000580","CIVIC CLUB DR","7150","WWL:NORTH:CIV7150"
"LS-002402","WELLHOUSE DR","747","WWL:WEST:WEL747"
"LS-001123","IMESON RD","1492","WWL:WEST:IME1492"
"LS-002044","SHELBY CREEK RD W","2410","WWL:WEST:SHE2410"
"LS-001435","MEADOW POINT DR","10342","WWL:WEST:MEA10342"
"LS-002460","WINSTONIAN WAY ST","1089","WWL:WEST:WIN1089"
"LS-002397","WATERSIDE DR","5214","WWL:WEST:WAT5214"
"LS-000019","101ST ST","5640","WWL:WEST:1015640"
"LS-001652","ORTEGA FARMS BLVD","5004","WWL:WEST:ORT5004"
"LS-001226","LAMAR DR N","5391","WWL:WEST:LAM5391"
"LS-000045","118TH ST","5104","WWL:WEST:1185104"
"LS-001820","QUAIL COVE LN","7998","WWL:WEST:QUA7998"
"LS-000924","FURY DR","8560","WWL:WEST:FUR8560"
"LS-000662","CUMBERLAND GAP TRL","8007","WWL:WEST:CUM8007"
"LS-000568","CHESWICK OAK AVE","336","WWL:WEST:CHE336"
"LS-000605","COLLINS RD","5620","WWL:WEST:COL5620"
"LS-000887","FLORA BRANCH BLVD","2301","WWL:STJOHNS:FLO2301"
"LS-000431","BLOUNT ISLAND BLVD","9233","WWL:NORTH:BLO9233"
"LS-001668","PADDLE BOAT LN","3161","WWL:SOUTH:PAD3161"
"LS-001092","HOGAN RD","7551","WWL:SOUTH:HOG7551"
"LS-002262","TERRY RD","6411","WWL:SOUTH:TER6411"
"LS-000839","EMERALD ISLE CIR W","3454","WWL:SOUTH:EME3454"
"LS-002252","TALLEYRAND AVE","1636","WWL:NORTH:TAL1636"
"LS-001197","KINLOCK DR S","5730","WWL:NORTH:KIN5730"
"LS-000942","GATWICK CIR","8860","WWL:NORTH:GAT8860"
"LS-002025","SCOTT WOODS DR W","8850","WWL:NORTH:SCO8850"
"LS-001201","KNOLL DR W","1140","WWL:WEST:KNO1140"
"LS-000033","103RD ST","7960","WWL:WEST:1037960"
"LS-002028","SEBA ST","1009","WWL:WEST:SEB1009"
"LS-000214","ATLEE AVE","5791","WWL:WEST:ATL5791"
"LS-001089","HODGES BLVD","1705","WWL:EAST:HOD1705"
"LS-002001","SAN PABLO RD S","1700","WWL:EAST:SAN1700"
"LS-001064","HICKORY CREEK BLVD","368","WWL:EAST:HIC368"
"LS-001522","NESTING SWALLOW DR","981","WWL:EAST:NES981"
"LS-000005","32ND ST E","94","WWL:NORTH:32N94"
"LS-002190","STANFORD RD","5621","WWL:EAST:STA5621"
"LS-001142","J RAY CIR S","5642","WWL:SOUTH:JRA5642"
"LS-001938","SALISBURY RD","3650","WWL:SOUTH:SAL3650"
"LS-000465","BRIERWOOD RD","8460","WWL:SOUTH:BRI8460"
"LS-000707","DEERWOOD PARK BLVD","10440","WWL:SOUTH:DEE10440"
"LS-000495","BURNT MILL RD","10828","WWL:SOUTH:BUR10828"
"LS-000931","GATE PKWY N","9731","WWL:SOUTH:GAT9731"
"LS-000645","CRAVEN RD W","4425","WWL:SOUTH:CRA4425"
"LS-000348","BEAUCLERC OAKS DR","9456","WWL:SOUTH:BEA9456"
"LS-001644","OLD SUNBEAM RD","3902","WWL:SOUTH:OLD3902"
"LS-001986","SAN JOSE BLVD","9614","WWL:SOUTH:SAN9614"
"LS-002470","WRIGHTSON DR","2658","WWL:SOUTH:WRI2658"
"LS-001272","LAS VEGAS RD","3640","WWL:SOUTH:LAS3640"
"LS-002153","ST AUGUSTINE RD","10680","WWL:SOUTH:STA10680"
"LS-001959","SAN JOSE BLVD","10859","WWL:SOUTH:SAN10859"
"LS-001401","MARBLE EGRET DR","10366","WWL:SOUTH:MAR10366"
"LS-000893","FLORIDA MINING BLVD S","5521","WWL:SOUTH:FLO5521"
"LS-002112","SOUTHSIDE BLVD","9041","WWL:SOUTH:SOU9041"
"LS-000985","GREENLAND RD","4788","WWL:SOUTH:GRE4788"
"LS-002471","YALDING DR","11644","WWL:SOUTH:YAL11644"
"LS-001204","KUSAIE DR","2044","WWL:EAST:KUS2044"
"LS-001374","LUANA DR E","2323","WWL:EAST:LUA2323"
"LS-002386","WALLE DR","11955","WWL:EAST:WAL11955"
"LS-002016","SANS PAREIL ST","2987","WWL:EAST:SAN2987"
"LS-000515","CAPPER RD","3327","WWL:NORTH:CAP3327"
"LS-001028","HARTS RD","12266","WWL:NORTH:HAR12266"
"LS-000082","ALDEN RD","11823","WWL:EAST:ALD11823"
"LS-000946","GENERAL DOOLITTLE DR","234","WWL:EAST:GEN234"
"LS-000997","GROVE PARK BLVD","487","WWL:EAST:GRO487"
"LS-002307","TRESCA RD","420","WWL:EAST:TRE420"
"LS-000300","SUNI PINES BLVD","2801","WWL:EAST:SUN2801"
"LS-001122","IBIS POINT BLVD","13961","WWL:EAST:IBI13961"
"LS-000445","BOULEVARD CENTER DR","4133","WWL:EAST:BOU4133"
"LS-000591","CLINTON AVE","4425","WWL:EAST:CLI4425"
"LS-001417","MARTIN LUTHER KING DR","5936","WWL:NORTH:MAR5936"
"LS-001870","RICHARDSON RD","7443","WWL:NORTH:RIC7443"
"LS-001861","RHODE ISLAND DR E","7221","WWL:NORTH:RHO7221"
"LS-001005","HAMMOND BLVD","1520","WWL:WEST:HAM1520"
"LS-000069","ADDOR LN","505","WWL:WEST:ADD505"
"LS-001430","MCGIRTS BLVD","4170","WWL:WEST:MCG4170"
"LS-001224","LAKESIDE DR","4294","WWL:WEST:LAK4294"
"LS-001821","QUAN DR","5148","WWL:WEST:QUA5148"
"LS-000248","BAYCREST RD","5239","WWL:WEST:BAY5239"
"LS-001146","JAMMES RD","5541","WWL:WEST:JAM5541"
"LS-002281","TIMUQUANA RD","5565","WWL:WEST:TIM5565"
"LS-001205","LA MOYA AVE","5549","WWL:WEST:LAM5549"
"LS-002260","TENNYSON DR","6084","WWL:WEST:TEN6084"
"LS-001927","ROYAL FERN LN S","2269","WWL:SOUTH:ROY2269"
"LS-001963","SAN JOSE BLVD","11700","WWL:SOUTH:SAN11700"
"LS-000456","BRADY PLACE BLVD S","12714","WWL:SOUTH:BRA12714"
"LS-001455","MESA VERDE TRL","12237","WWL:SOUTH:MES12237"
"LS-001450","MERGANSER WAY","11815","WWL:SOUTH:MER11815"
"LS-001933","RYAR RD","1531","WWL:EAST:RYA1531"
"LS-000459","BREST RD","2391","WWL:SOUTH:BRE2391"
"LS-000423","BLARNEY STONE CT","8621","WWL:SOUTH:BLA8621"
"LS-001093","HOLIDAY RD S","7834","WWL:EAST:HOL7834"
"LS-001496","MORRISON ST","4516","WWL:NORTH:MOR4516"
"LS-002478","ZOO RD","8602","WWL:NORTH:ZOO8602"
"LS-001706","PETTIFORD DR E","6295","WWL:NORTH:PET6295"
"LS-000884","FLICKER AVE","5926","WWL:NORTH:FLI5926"
"LS-000561","CHERBOURG AVE N","6705","WWL:WEST:CHE6705"
"LS-001019","HARLOW BLVD","6640","WWL:WEST:HAR6640"
"LS-001574","NORMANDY BLVD","5121","WWL:WEST:NOR5121"
"LS-001520","NELSON ST","1082","WWL:WEST:NEL1082"
"LS-001428","MCCOYS CREEK BLVD","2251","WWL:NORTH:MCC2251"
"LS-002394","WATER ST","604","WWL:NORTH:WAT604"
"LS-000939","GATELY RD S","12409","WWL:EAST:GAT12409"
"LS-002089","SOUTHBROOK DR","9601","WWL:SOUTH:SOU9601"
"LS-001508","MOUNTAIN BROOK LN E","4513","WWL:EAST:MOU4513"
"LS-002290","TOUCHTON RD","9803","WWL:SOUTH:TOU9803"
"LS-001764","PICKWICK DR","9456","WWL:SOUTH:PIC9456"
"LS-002024","SCOTT MILL RD","9967","WWL:SOUTH:SCO9967"
"LS-001023","HARTLEY RD","3200","WWL:SOUTH:HAR3200"
"LS-001000","HALCYON LN","2975","WWL:SOUTH:HAL2975"
"LS-001022","HARTLEY RD","3010","WWL:SOUTH:HAR3010"
"LS-001364","LOSCO JUNCTION DR","11065","WWL:SOUTH:LOS11065"
"LS-001467","MINING TER","5872","WWL:SOUTH:MIN5872"
"LS-000987","GREENLAND RD","5050","WWL:SOUTH:GRE5050"
"LS-000229","BARKOSKIE RD","4501","WWL:SOUTH:BAR4501"
"LS-000599","COLLINS CREEK DR","11800","WWL:SOUTH:COL11800"
"LS-002157","ST AUGUSTINE RD","12001","WWL:SOUTH:STA12001"
"LS-000837","ELMWOOD DR","220","WWL:STJOHNS:ELM220"
"LS-000886","FLORA BRANCH BLVD","1325","WWL:STJOHNS:FLO1325"
"LS-002424","WHISPERING WOODS BLVD","2454","WWL:EAST:WHI2454"
"LS-000366","BECKLEY PL","11082","WWL:SOUTH:BEC11082"
"LS-000284","BEACH BLVD","11325","WWL:EAST:BEA11325"
"LS-001114","HUFFMAN BLVD","2798","WWL:EAST:HUF2798"
"LS-001284","LEM TURNER RD","10600","WWL:NORTH:LEM10600"
"LS-000228","BALMORAL CIR N","528","WWL:NORTH:BAL528"
"LS-000505","CAMDEN RD","11855","WWL:NORTH:CAM11855"
"LS-000451","BOWLAN ST N","544","WWL:EAST:BOW544"
"LS-000594","COACHMAN LAKES DR","2664","WWL:EAST:COA2664"
"LS-000677","DANFORTH DR","3780","WWL:EAST:DAN3780"
"LS-002004","SAN PABLO RD S","3098","WWL:EAST:SAN3098"
"LS-000298","BEACH BLVD","13955","WWL:EAST:BEA13955"
"LS-001713","PHILIPS HWY","3699","WWL:EAST:PHI3699"
"LS-000768","DUVAL RD","14491","WWL:NORTH:DUV14491"
"LS-000438","BLUE WHALE WAY","554","WWL:NORTH:BLU554"
"LS-000775","DUVAL STATION RD","590","WWL:NORTH:DUV590"
"LS-001174","KEN KNIGHT DR W","7260","WWL:NORTH:KEN7260"
"LS-000947","GILCHRIST RD","5772","WWL:NORTH:GIL5772"
"LS-000058","ABEL LN","5180","WWL:WEST:ABE5180"
"LS-000824","ELLIS RD N","1060","WWL:WEST:ELL1060"
"LS-002416","PRITCHARD RD","7615","WWL:WEST:PRI7615"
"LS-001755","PICKETTVILLE RD","1219","WWL:WEST:PIC1219"
"LS-001818","PURCELL DR","579","WWL:WEST:PUR579"
"LS-001065","HICKORY HILL DR","847","WWL:WEST:HIC847"
"LS-002414","WESTGATE DR","857","WWL:WEST:WES857"
"LS-000556","CHALLEN AVE","1894","WWL:WEST:CHA1894"
"LS-000836","ELLIS TRACE DR W","1401","WWL:WEST:ELL1401"
"LS-001403","MARDIS PL E","1573","WWL:WEST:MAR1573"
"LS-000869","FENDER DR","4451","WWL:WEST:FEN4451"
"LS-001704","WESCONNETT BLVD","4815","WWL:WEST:WES4815"
"LS-002015","SANIBEL DR","5060","WWL:WEST:SAN5060"
"LS-001356","LONG BOW RD","4797","WWL:WEST:LON4797"
"LS-001400","MARATHON PKWY","5689","WWL:WEST:MAR5689"
"LS-001779","PLUM LAKE DR E","6972","WWL:WEST:PLU6972"
"LS-002245","SWEET ROSE LN","7405","WWL:WEST:SWE7405"
"LS-000779","EAGLES PERCH DR","7159","WWL:WEST:EAG7159"
"LS-000119","ARGYLE FOREST BLVD","8104","WWL:WEST:ARG8104"
"LS-000702","DEERFIELD POINT DR","3231","WWL:WEST:DEE3231"
"LS-000977","GRANT RD","3929","WWL:EAST:GRA3929"
"LS-002115","SPARROW BRANCH CIR","504","WWL:STJOHNS:SPA504"
"LS-001776","PLANTATION OAKS DR","1826","WWL:SOUTH:PLA1826"
"LS-001505","MOSSY WAY","11629","WWL:SOUTH:MOS11629"
"LS-000720","DEWBERRY DR","702","WWL:STJOHNS:DEW702"
"LS-000723","DICKINSON RD","2843","WWL:SOUTH:DIC2843"
"LS-001459","MILL CREEK RD","1030","WWL:EAST:MIL1030"
"LS-002254","TALLEYRAND AVE","2446","WWL:NORTH:TAL2446"
"LS-001055","HERMITAGE RD E","3231","WWL:EAST:HER3231"
"LS-001361","LORAIN ST","7000","WWL:NORTH:LOR7000"
"LS-000017","68TH ST W","239","WWL:NORTH:68T239"
"LS-001626","OLD KINGS RD","6305","WWL:NORTH:OLD6305"
"LS-000593","CLYDE DR","4618","WWL:NORTH:CLY4618"
"LS-000365","BEAVER ST W","9801","WWL:WEST:BEA9801"
"LS-001116","HUGH EDWARDS DR","2601","WWL:WEST:HUG2601"
"LS-000970","GRAMPELL DR","8100","WWL:WEST:GRA8100"
"LS-001596","NOROAD","8121","WWL:WEST:NOR8121"
"LS-002133","SPRINGTREE RD","8431","WWL:WEST:SPR8431"
"LS-001017","HARBOR VIEW DR","4100","WWL:NORTH:HAR4100"
"LS-001341","LEWIS INDUSTRIAL DR","2010","WWL:WEST:LEW2010"
"LS-000882","FISH RD","10301","WWL:WEST:FIS10301"
"LS-002403","WELLINGTON SPRINGS WAY","10452","WWL:WEST:WEL10452"
"LS-002248","TALBOT AVE","1896","WWL:WEST:TAL1896"
"LS-000233","BARTHOLF AVE","6039","WWL:WEST:BAR6039"
"LS-002018","SAVANNAH AVE","4335","WWL:WEST:SAV4335"
"LS-002257","TARA WOODS LN","5582","WWL:WEST:TAR5582"
"LS-000048","118TH ST","8380","WWL:WEST:1188380"
"LS-002053","SHINDLER DR","6915","WWL:WEST:SHI6915"
"LS-000063","ACANTHUS DR","8752","WWL:WEST:ACA8752"
"LS-002476","YOUNGERMAN CIR","6397","WWL:WEST:YOU6397"
"LS-002665","EMERSON ST","2325","WWL:EAST:EME2325"
"LS-000532","CATTAIL CIR","142","WWL:STJOHNS:CAT142"
"LS-000665","CUNNINGHAM CREEK DR","1238","WWL:STJOHNS:CUN1238"
"LS-001847","LONG CYPRESS TRL","13399","WWL:SOUTH:LON13399"
"LS-001178","KENNEDY LN","10656","WWL:SOUTH:KEN10656"
"LS-000722","DEWBERRY DR","814","WWL:STJOHNS:DEW814"
"LS-000818","EL PRADO RD","1509","WWL:EAST:ELP1509"
"LS-001030","HARVIN RD","6462","WWL:SOUTH:HAR6462"
"LS-001349","LOFBERG DR","2588","WWL:SOUTH:LOF2588"
"LS-002347","UNIVERSITY BLVD S","2800","WWL:EAST:UNI2800"
"LS-002287","TONGA DR","6936","WWL:EAST:TON6936"
"LS-002302","TOWNSQUARE DR","2456","WWL:EAST:TOW2456"
"LS-002012","SANDUSKY AVE S","8808","WWL:EAST:SAN8808"
"LS-000396","BISHOP HATCHER DR S","5738","WWL:NORTH:BIS5738"
"LS-002380","WALCOTT AVE","5004","WWL:NORTH:WAL5004"
"LS-000980","GRAYSON CT","10712","WWL:WEST:GRA10712"
"LS-001800","POWELL PL","1888","WWL:WEST:POW1888"
"LS-001385","MALLORY ST","1896","WWL:WEST:MAL1896"
"LS-001063","HICKORY CREEK BLVD","12620","WWL:EAST:HIC12620"
"LS-000885","FLINTLOCK CT","1661","WWL:EAST:FLI1661"
"LS-001607","NORWOOD AVE","6947","WWL:NORTH:NOR6947"
"LS-001444","MERCER CIR S","2200","WWL:SOUTH:MER2200"
"LS-001165","JOSE CIR W","8241","WWL:SOUTH:JOS8241"
"LS-000956","GLEN KERNAN PKWY","12858","WWL:EAST:GLE12858"
"LS-000560","CHELSEA HARBOR DR W","4245","WWL:EAST:CHE4245"
"LS-000542","CENTURION PKWY","7621","WWL:SOUTH:CEN7621"
"LS-002291","TOUCHTON RD E","4740","WWL:SOUTH:TOU4740"
"LS-001787","POINT MEADOWS DR","8032","WWL:SOUTH:POI8032"
"LS-000258","BAYMEADOWS RD E","7823","WWL:SOUTH:BAY7823"
"LS-002243","SUTTON PARK DR N","13825","WWL:EAST:SUT13825"
"LS-002154","ST AUGUSTINE RD","11220","WWL:SOUTH:STA11220"
"LS-000892","FLORIDA MINING BLVD E","9820","WWL:SOUTH:FLO9820"
"LS-000703","DEERFOOT LN N","10353","WWL:SOUTH:DEE10353"
"LS-001630","OLD KINGS RD S","8884","WWL:SOUTH:OLD8884"
"LS-000086","ALEXIS FOREST DR","11551","WWL:SOUTH:ALE11551"
"LS-000564","CHESTER LAKE RD N","8233","WWL:SOUTH:CHE8233"
"LS-001012","HAMPTON LANDING DR S","10526","WWL:SOUTH:HAM10526"
"LS-002258","TAYLOR CREEK DR","5006","WWL:SOUTH:TAY5006"
"LS-000075","AGAVE RD","10150","WWL:EAST:AGA10150"
"LS-000953","GLEN GARDNER DR","2366","WWL:EAST:GLE2366"
"LS-002226","SUMMER TREE RD E","2471","WWL:EAST:SUM2471"
"LS-001464","MINDANAO DR S","11004","WWL:EAST:MIN11004"
"LS-001594","NORMANDY BLVD","9800","WWL:WEST:NOR9800"
"LS-001593","NORMANDY BLVD","9330","WWL:WEST:NOR9330"
"LS-000717","DERRICKSON DR","8998","WWL:WEST:DER8998"
"LS-000857","FALKLAND RD E","1531","WWL:WEST:FAL1531"
"LS-001004","HAMLET GLEN DR","10374","WWL:WEST:HAM10374"
"LS-001454","MERRIMAC AVE","4401","WWL:WEST:MER4401"
"LS-002244","SWAMP FOX RD","5940","WWL:WEST:SWA5940"
"LS-001655","ORTEGA ISLAND DR","4659","WWL:WEST:ORT4659"
"LS-001145","JAMMES RD","5001","WWL:WEST:JAM5001"
"LS-001503","MORVEN RD","4990","WWL:WEST:MOR4990"
"LS-001778","PLUM HOLLOW DR","10613","WWL:WEST:PLU10613"
"LS-000039","103RD ST","9902","WWL:WEST:1039902"
"LS-000034","103RD ST","9380","WWL:WEST:1039380"
"LS-000578","CINNAMON LAKES DR","7445","WWL:WEST:CIN7445"
"LS-000629","CORALBERRY LN","8343","WWL:WEST:COR8343"
"LS-000490","BUCKBEAN BRANCH LN E","1140","WWL:STJOHNS:BUC1140"
"LS-000761","DURBIN CREEK BLVD","500","WWL:STJOHNS:DUR500"
"LS-002408","WESTBERRY HIDEAWAY LN","12561","WWL:SOUTH:WES12561"
"LS-002423","WHISPERING OAKS DR N","6267","WWL:EAST:WHI6267"
"LS-000871","FERBER RD","6551","WWL:EAST:FER6551"
"LS-002315","TUSCONY CIR","6121","WWL:EAST:TUS6121"
"LS-001863","RHONE DR","6801","WWL:NORTH:RHO6801"
"LS-001858","RESTLAWN DR","6451","WWL:NORTH:RES6451"
"LS-000460","BREVE DR","2941","WWL:NORTH:BRE2941"
"LS-001468","MINOSA CT","5423","WWL:NORTH:MIN5423"
"LS-001585","NORMANDY BLVD","7764","WWL:WEST:NOR7764"
"LS-001251","LANE AVE S","1171","WWL:WEST:LAN1171"
"LS-001098","HOLLYBROOK AVE","210","WWL:NORTH:HOL210"
"LS-001650","ORTEGA BLVD","3801","WWL:WEST:ORT3801"
"LS-001753","PHYLLIS ST","2894","WWL:WEST:PHY2894"
"LS-001458","MIKAEL AVE","937","WWL:WEST:MIK937"
"LS-001181","KENSINGTON LAKES DR","12312","WWL:EAST:KEN12312"
"LS-001130","INDIAN SPRINGS DR","2142","WWL:EAST:IND2142"
"LS-001090","HODGES BLVD","2003","WWL:EAST:HOD2003-1"
"LS-001930","RUNNING RIVER RD S","12291","WWL:EAST:RUN12291"
"LS-000788","EBBTIDE CT","13107","WWL:EAST:EBB13107"
"LS-000574","CHRISTOPHER POINT RD W","6511","WWL:SOUTH:CHR6511"
"LS-002096","SOUTHPOINT PKWY","5900","WWL:SOUTH:SOU5900"
"LS-000370","BELFORT OAKS PL","6868","WWL:SOUTH:BEL6868"
"LS-000705","DEERWOOD CLUB RD","10315","WWL:SOUTH:DEE10315"
"LS-002104","SOUTHSIDE BLVD","7133","WWL:SOUTH:SOU7133"
"LS-000347","BEAUCLERC COVE RD","9465","WWL:SOUTH:BEA9465"
"LS-001985","SAN JOSE BLVD","9252","WWL:SOUTH:SAN9252"
"LS-002022","SCOTT MILL DR S","2620","WWL:SOUTH:SCO2620"
"LS-001219","LAKE MANDARIN CIR W","11160","WWL:SOUTH:LAK11160"
"LS-000378","BERGHLEY CT S","4368","WWL:SOUTH:BER4368"
"LS-002269","THOROUGHBRED BLVD","5265","WWL:SOUTH:THO5265"
"LS-001845","RATHBONE DR","4901","WWL:SOUTH:RAT4901"
"LS-002072","SKYLARK DR","11078","WWL:SOUTH:SKY11078"
"LS-001645","OLDFIELD CROSSING DR","4193","WWL:SOUTH:OLD4193"
"LS-000669","CYPRESS LAKES DR","10255","WWL:SOUTH:CYP10255"
"LS-001031","HATTON CHASE LN W","12402","WWL:SOUTH:HAT12402"
"LS-002256","TAR KILN RD","4071","WWL:SOUTH:TAR4071"
"LS-000076","AGAVE RD","10398","WWL:EAST:AGA10398"
"LS-001220","PALMDALE ST","1900","WWL:NORTH:PAL1900"
"LS-002288","TORTOISE WAY","1000","WWL:NORTH:TOR1000"
"LS-000627","COPPER HILL DR","10873","WWL:NORTH:COP10873"
"LS-003354","CORPORATE SQUARE CT","2200","WWL:EAST:COR2200"
"LS-000377","BENTWATER DR","12869","WWL:EAST:BEN12869"
"LS-001482","MONUMENT LANDING BLVD","11238","WWL:EAST:MON11238"
"LS-000694","DECATUR ST","14052","WWL:EAST:DEC14052"
"LS-000657","CROSSWATER BLVD","3810","WWL:EAST:CRO3810"
"LS-002002","SAN PABLO RD S","2197","WWL:EAST:SAN2197"
"LS-002035","SEVEN PINES DR","13842","WWL:EAST:SEV13842"
"LS-000306","BEACH BLVD","3651","WWL:EAST:BEA3651"
"LS-001909","ROLLING RIVER BLVD","11300","WWL:NORTH:ROL11300"
"LS-002062","SIBBALD RD","8555","WWL:NORTH:SIB8555"
"LS-001402","MARCY ST","1030","WWL:NORTH:MAR1030"
"LS-000444","BOULEVARD","1706","WWL:NORTH:BOU1706"
"LS-001157","JESSE B SMITH CT","8694","WWL:WEST:JES8694"
"LS-001163","JOLORU DR","9343","WWL:WEST:JOL9343"
"LS-001849","REDBIRD CREEK DR","1576","WWL:WEST:RED1576"
"LS-001431","MCGIRTS CREEK DR","10516","WWL:WEST:MCG10516"
"LS-000549","CHAFFEE RD S","281","WWL:WEST:CHA281"
"LS-002445","WILSON BLVD","6217","WWL:WEST:WIL6217"
"LS-002444","WILSON BLVD","5937","WWL:WEST:WIL5937"
"LS-001921","ROSSIE LN","4811","WWL:WEST:ROS4811"
"LS-001841","RAMPART RD","7752","WWL:WEST:RAM7752"
"LS-000118","ARGYLE FOREST BLVD","7663","WWL:WEST:ARG7663"
"LS-000140","ARROWROOT DR","6661","WWL:WEST:ARR6661"
"LS-001048","HENDRICKS AVE","3730","WWL:EAST:HEN3730"
"LS-000873","FERNBANK LN","12901","WWL:SOUTH:FER12901"
"LS-000762","DURBIN CREEK BLVD","800","WWL:STJOHNS:DUR800"
"LS-000913","FT CAROLINE HILLS DR","7031","WWL:EAST:FTC7031"
"LS-000006","41ST ST W","1870","WWL:NORTH:41S1870"
"LS-000588","CLEVELAND RD","5520","WWL:NORTH:CLE5520"
"LS-002270","THREE CREEKS BLVD","8430","WWL:WEST:THR8430"
"LS-000558","CHANDLER OAKS DR","1114","WWL:WEST:CHA1114"
"LS-001463","MIMOSA GROVE TRL","7202","WWL:WEST:MIM7202"
"LS-001904","ROCROC LN","2523","WWL:WEST:ROC2523"
"LS-002449","WILSON BLVD","7800","WWL:WEST:WIL7800"
"LS-002360","VALLEY CROSSING DR","1958","WWL:WEST:VAL1958"
"LS-002442","WILLOW BRANCH AVE","1818","WWL:WEST:WIL1818"
"LS-000060","ABESS BLVD","12733","WWL:EAST:ABE12733-1"
"LS-002266","THE WOODS DR","1931","WWL:EAST:THE1931"
"LS-001671","PALMETTO GLADE DR","12928","WWL:EAST:PAL12928"
"LS-002267","THE WOODS DR E","2233","WWL:EAST:THE2233"
"LS-000557","CHANDELIER CIR E","1694","WWL:EAST:CHA1694"
"LS-002427","WILDERLAND DR","1054","WWL:EAST:WIL1054"
"LS-000849","EPPING FOREST WAY N","6623","WWL:SOUTH:EPP6623"
"LS-001907","ROLAC RD","2459","WWL:EAST:ROL2459"
"LS-002354","UNIVERSITY BLVD W","5317","WWL:EAST:UNI5317"
"LS-000622","COMMUNITY OAKS CT","5503","WWL:EAST:COM5503"
"LS-001627","OXFORD FOREST DR","8198","WWL:SOUTH:OXF8198"
"LS-002030","SECRET WOODS TRL","7263","WWL:SOUTH:SEC7263"
"LS-001880","RIDGEGLEN DR","3282","WWL:SOUTH:RID3282"
"LS-001348","LITTLE FOX LN","7863","WWL:SOUTH:LIT7863"
"LS-001786","POINT MEADOWS DR","7825","WWL:SOUTH:POI7825"
"LS-002435","W M DAVIS PKWY W","13651","WWL:EAST:WIL13651"
"LS-001872","RICHMOND PARK DR E","3989","WWL:EAST:RIC3989"
"LS-002434","W M DAVIS PKWY","14151","WWL:EAST:WIL14151"
"LS-001001","HALEY RD","10210","WWL:SOUTH:HAL10210"
"LS-001117","HUNTINGTON FOREST BLVD","4212","WWL:SOUTH:HUN4212"
"LS-001203","KORI RD","3747","WWL:SOUTH:KOR3747"
"LS-000350","BEAUCLERC RD","3468","WWL:SOUTH:BEA3468"
"LS-002247","TACITO CREEK DR W","2776","WWL:SOUTH:TAC2776"
"LS-002422","WHISPERING FOREST DR","10300","WWL:SOUTH:WHI10300"
"LS-001367","LOSCO RD","4930","WWL:SOUTH:LOS4930"
"LS-000661","CUMBERLAND FOREST LN","5441","WWL:SOUTH:CUM5441"
"LS-000611","COLUMBIA PARK DR","6469","WWL:SOUTH:COL6469"
"LS-000990","GREENLAND RD","4831","WWL:SOUTH:GRE4831"
"LS-001276","LAWSON RD","10410","WWL:EAST:LAW10410"
"LS-001373","LUANA DR E","2045","WWL:EAST:LUA2045"
"LS-001369","LOST PINE DR","10747","WWL:EAST:LOS10747"
"LS-001948","SAM HARDWICK BLVD","2710","WWL:EAST:SAM2710"
"LS-000205","ATLANTIC BLVD","9380","WWL:EAST:ATL9380"
"LS-001397","MANGROVE AVE","2962","WWL:EAST:MAN2962"
"LS-000153","ATLANTIC BLVD","10065","WWL:EAST:ATL10065"
"LS-001856","REGENT BLVD","3852","WWL:EAST:REG3850"
"LS-001115","HUFFMAN BLVD","3092","WWL:EAST:HUF3092"
"LS-004166","ISLAND POINT DR","1000","WWL:NORTH:ISL1000"
"LS-001846","RAY GREENE DR","1820","WWL:NORTH:RAY1820"
"LS-000486","BROWARD RD","2518","WWL:NORTH:BRO2518"
"LS-001358","LONGWOOD KEY DR E","11610","WWL:NORTH:LON11610"
"LS-002312","TURTLE CREEK DR N","1219","WWL:NORTH:TUR1219"
"LS-001027","HARTS RD","11305","WWL:NORTH:HAR11305"
"LS-001035","HAWKINS COVE DR W","1731","WWL:EAST:HAW1731"
"LS-001931","RUSH CREEK DR W","1757","WWL:EAST:RUS1757"
"LS-001768","PINE ISLAND DR","14094","WWL:EAST:PIN14094"
"LS-001714","PHILIPS HWY","3910","WWL:EAST:PHI3910"
"LS-000676","DAMASCUS RD N","5101","WWL:EAST:DAM5101"
"LS-000927","GALILEE RD","3312","WWL:EAST:GAL3312"
"LS-000230","BARNES RD","4437","WWL:EAST:BAR4437"
"LS-000246","BAY ST E","834","WWL:NORTH:BAY834"
"LS-000907","FOXBORO RD","5102","WWL:NORTH:FOX5102"
"LS-000001","1ST ST","12770","WWL:NORTH:1ST12770"
"LS-001491","MOOSE RD","12629","WWL:NORTH:MOO12629"
"LS-001265","LANIER RD","13333","WWL:NORTH:LAN13333-1"
"LS-001441","MENLO AVE","1410","WWL:NORTH:MEN1410"
"LS-000388","BISCAYNE BLVD","11717","WWL:NORTH:BIS11717"
"LS-002031","SECRETARIAT LN W","11381","WWL:NORTH:SEC11381"
"LS-001857","RENNE DR W","11452","WWL:NORTH:REN11452"
"LS-002458","WINGATE RD","11127","WWL:NORTH:WIN11127"
"LS-001275","LAURINA ST","331","WWL:EAST:LAU331"
"LS-001185","KERNAN BLVD S","3431","WWL:EAST:KER3431"
"LS-002242","SUTTON LAKES BLVD","1761","WWL:EAST:SUT1767"
"LS-002431","WILLESDON DR S","11275","WWL:EAST:WIL11275"
"LS-001854","REGENCY SQUARE BLVD N","9525","WWL:EAST:REG9525"
"LS-002005","SAN PABLO RD S","3300","WWL:EAST:SAN3300"
"LS-001609","NOTTINGHAM KNOLL DR","1648","WWL:EAST:NOT1648"
"LS-002350","UNIVERSITY BLVD S","3830","WWL:EAST:UNI3830"
"LS-002040","SHAMROCK AVE S","330","WWL:NORTH:SHA330"
"LS-000766","DUVAL RD","13898","WWL:NORTH:DUV13898"
"LS-002421","WHIRLAWAY CIR S","1014","WWL:NORTH:WHI1014"
"LS-001340","LEONNIE RD","3975","WWL:NORTH:LEO3975"
"LS-000014","5TH ST W","5233","WWL:WEST:WES5233"
"LS-001687","PARKVIEW DR","638","WWL:WEST:PAR638"
"LS-001274","LAURA ST N","1023","WWL:NORTH:LAU1023"
"LS-000899","FORSHEE DR","7973","WWL:WEST:FOR7973"
"LS-001922","ROTHBURY DR","2138","WWL:WEST:ROT2138"
"LS-001039","HEARTHSIDE CT","944","WWL:WEST:HEA944"
"LS-000597","COLD CREEK BLVD","2656","WWL:WEST:COL2656"
"LS-001059","HERSCHEL ST","3806","WWL:WEST:HER3806"
"LS-002467","WOODMERE ST","4211","WWL:WEST:WOO4211"
"LS-002216","SUDBURY AVE","3737","WWL:WEST:SUD3737"
"LS-001659","OVERLAND PARK BLVD W","7422","WWL:WEST:OVE7422"
"LS-000462","BRIDGECREEK DR","9022","WWL:WEST:BRI9022"
"LS-000074","AFTON LN","125","WWL:STJOHNS:AFT125"
"LS-001371","LOTUS LN S","900","WWL:STJOHNS:LOT900"
"LS-001690","PAWNEE PL","1124","WWL:STJOHNS:PAW1124"
"LS-001605","NORTH RIDE CIR W","11551","WWL:SOUTH:NOR11551"
"LS-000067","ACOSTA RD","11933","WWL:SOUTH:ACO11933"
"LS-000870","FERBER RD","4147","WWL:EAST:FER4147"
"LS-001056","HERMITAGE RD E","3815","WWL:EAST:HER3815"
"LS-000920","FT CAROLINE RD","6554","WWL:EAST:FTC6554"
"LS-000484","BROWARD RD","1001","WWL:NORTH:BRO1001"
"LS-000518","CAREY AVE","2004","WWL:NORTH:CAR2004"
"LS-001606","NORTH SHORE DR","7668","WWL:NORTH:NOR7668"
"LS-000004","30TH ST W","1999","WWL:NORTH:30T1999"
"LS-000978","GRANVILLE RD","1058","WWL:WEST:GRA1058"
"LS-000081","ALACHUA AVE","7039","WWL:WEST:ALA7039"
"LS-001780","PLUM ST","3113","WWL:WEST:PLU3113"
"LS-000517","CARDER ST","5219","WWL:WEST:CAR5219"
"LS-001159","JOEANDY RD N","12791","WWL:EAST:JOE12791"
"LS-001109","HOVINGTON CIR W","2123","WWL:EAST:HOV2123"
"LS-000637","COVINGTON CREEK DR","13651","WWL:EAST:COV13651"
"LS-001279","LEATHERLEAF DR","196","WWL:EAST:LEA196"
"LS-001667","PACEMAKER DR","13288","WWL:EAST:PAC13288"
"LS-000491","EVERGREEN AVE","5301","WWL:NORTH:EVE5301"
"LS-002200","STEPP AVE","5115","WWL:SOUTH:STE5115"
"LS-000852","EXECUTIVE PARK CT","4808","WWL:SOUTH:EXE4808"
"LS-000260","BAYMEADOWS WAY","7160","WWL:SOUTH:BAY7160"
"LS-001657","OSPREY LN","8671","WWL:SOUTH:OSP8671"
"LS-000071","ADELE RD","2844","WWL:SOUTH:ADE2844"
"LS-002103","A C SKINNER PKWY","8500","WWL:SOUTH:ACS8500"
"LS-002232","SUNBEAM RD","4130","WWL:SOUTH:SUN4130"
"LS-000263","BAYOU BLUFF DR","9733","WWL:SOUTH:BAY9733"
"LS-001131","INDIAN WALK RD","10468","WWL:SOUTH:IND10468"
"LS-000434","BLUE PACIFIC CT","10837","WWL:SOUTH:BLU10837"
"LS-001461","MILL SPRINGS DR","9411","WWL:SOUTH:MIL9411"
"LS-001394","MANDARIN RIDGE LN","11328","WWL:SOUTH:MAN11328"
"LS-001631","OLD KINGS RD S","9391","WWL:SOUTH:OLD9391"
"LS-001007","HAMPSHIRE GLEN DR S","8681","WWL:SOUTH:HAM8681"
"LS-001851","REEDY BRANCH DR","8614","WWL:SOUTH:REE8614"
"LS-001011","HAMPTON LANDING DR E","9151","WWL:SOUTH:HAM9151"
"LS-001173","KEATON LAKE DR","5624","WWL:SOUTH:KEA5624"
"LS-000971","GRAN BAY PKWY","12870","WWL:STJOHNS:GRA12870"
"LS-000452","BRADLEY RD","10182","WWL:EAST:BRA10182"
"LS-000540","CENTRAL PKWY","11550","WWL:EAST:CEN11550"
"LS-000097","ALUMNI WAY","11009","WWL:SOUTH:ALU11009"
"LS-001172","JUPITER CT S","9827","WWL:EAST:JUP9764"
"LS-000282","BEACH BLVD","11260","WWL:SOUTH:BEA11260"
"LS-000425","BLOSSOM RIDGE DR","11301","WWL:NORTH:BLO11301"
"LS-002240","SUNKEN MEADOW CT","11560","WWL:NORTH:SUN11560"
"LS-000716","DENISE DR","310","WWL:NORTH:DEN310"
"LS-000783","PULASKI RD","1192","WWL:NORTH:PUL1192"
"LS-001901","ROBERT SCOTT DR S","5104","WWL:EAST:ROB5104"
"LS-000173","ATLANTIC BLVD","4110","WWL:EAST:ATL4110"
"LS-001536","NEW BERLIN RD","3401","WWL:NORTH:NEW3401"
"LS-002197","STARRATT RD","900","WWL:NORTH:STA900"
"LS-000534","CAVALIER RD","7041","WWL:NORTH:CAV7041"
"LS-001137","IRVING SCOTT DR","7305","WWL:NORTH:IRV7305"
"LS-002061","SIBBALD RD","9344","WWL:NORTH:SIB9344"
"LS-001799","PORTSMOUTH AVE","4508","WWL:NORTH:POR4508"
"LS-000358","BEAVER ST W","2028","WWL:NORTH:BEA2028"
"LS-001423","MCMILLAN ST","2304","WWL:NORTH:MCM2304"
"LS-000070","ADELAIDE DR","9374","WWL:WEST:ADE9374"
"LS-001216","LAKE GRAY BLVD","6130","WWL:WEST:LAK6130"
"LS-001278","LEAH CREEK DR","4676","WWL:SOUTH:LEA4676"
"LS-002425","WHITE FEATHER DR","12474","WWL:EAST:WHI12474"
"LS-001697","PECAN PARK RD","606","WWL:NORTH:PEC606"
"LS-000091","ALTA DR","11524","WWL:NORTH:ALT11524"
"LS-000392","BISHOP ESTATES RD","1920","WWL:STJOHNS:BIS1920"
"LS-001881","RIDGEVIEW AVE","6950","WWL:WEST:RID6950"
"LS-001926","ROXIE ST","1309","WWL:EAST:ROX1309"
"LS-001828","RABBIT RIDGE RD","10277","WWL:NORTH:RAB10277"
"LS-000138","ARMSDALE RD","3194","WWL:NORTH:ARM3194"
"LS-001878","RICKER RD","7500","WWL:WEST:RIC7500"
"LS-001193","KILKELLY LN S","8138","WWL:WEST:KIL8138"
"LS-000603","COLLINS RD","5540","WWL:WEST:COL5540"
"LS-000607","COLLINS RD","5291","WWL:WEST:COL5291"
"LS-000608","COLLINS RD","5291","WWL:WEST:COL5291-2"
"LS-000602","COLLINS RD","5096","WWL:WEST:COL5096"
"LS-000601","COLLINS RD","4580","WWL:WEST:COL4580"
"LS-000422","BLANDING BLVD","8151","WWL:WEST:BLA8151-1"
"LS-002299","TOWNSEND RD","6210","WWL:WEST:TOW6210"
"LS-002301","TOWNSEND RD","6756","WWL:WEST:TOW6756"
"LS-000769","DUVAL RD","14695","WWL:NORTH:DUV14695"
"LS-002318","TYSON LAKE DR","2235","WWL:WEST:TYS2235"
"LS-001648","ORTEGA BLUFF LN","5349","WWL:WEST:ORT5349"
"LS-001649","ORTEGA BLUFF PKWY","7799","WWL:WEST:ORT7799"
"LS-000469","BRISTOL BAY LN N","5565","WWL:WEST:BRI5565"
"LS-001416","MARTIN LAKES DR N","11405","WWL:WEST:MAR11405"
"LS-000998","GUARDIAN DR","1578","WWL:WEST:GUA1578"
"LS-001129","INDIAN CREEK BLVD","3421","WWL:STJOHNS:IND3421"
"LS-000576","CIMARRONE BLVD","2537","WWL:STJOHNS:CIM2537"
"LS-000695","DEEDER LN","12133","WWL:SOUTH:DEE12133"
"LS-000640","COUNTY RD 210","3150","WWL:STJOHNS:COU3428"
"LS-000391","BISHOP ESTATES RD","3366","WWL:STJOHNS:BIS3366"
"LS-001228","LANCASHIRE DR","8869","WWL:NORTH:LAN8869"
"LS-001643","OLD ST AUGUSTINE RD","12905","WWL:SOUTH:STA12905"
"LS-001831","RACETRACK RD","3880","WWL:STJOHNS:RAC3880"
"LS-002019","SAWTOOTH OAK CT","10901","WWL:NORTH:SAW10901"
"LS-001359","LONICERA LOOP","4064","WWL:STJOHNS:LON4064"
"LS-002473","YELLOW BLUFF RD","12150","WWL:NORTH:YEL12150"
"LS-002071","SKYLARK DR","10900","WWL:SOUTH:SKY10900"
"LS-002457","WINDY WAY E","1904","WWL:STJOHNS:WIN1904"
"LS-000393","BISHOP ESTATES RD","3460","WWL:STJOHNS:BIS3460"
"LS-002020","SAXON LAKE DR","13745","WWL:EAST:SAX13745"
"LS-000888","FLORA BRANCH BLVD","677-1","WWL:STJOHNS:FLO677"
"LS-001871","RICHFIELD BLVD","12507","WWL:NORTH:RIC12507"
"LS-001699","PEPPERVINE AVE","852","WWL:STJOHNS:PEP852"
"LS-002220","SUEMAC RD","1029","WWL:WEST:SUE1029"
"LS-001215","LAKE GARDENS DR","12551","WWL:SOUTH:LAK12551-1"
"LS-000954","GLENN HOLLOW DR","12293","WWL:NORTH:GLE12293"
"LS-001473","MISTY WATER DR N","12090","WWL:EAST:MIS12090"
"LS-001814","PEREMETER INDUSTRIAL PKWY E","4301","WWL:WEST:PER4301"
"LS-002306","TRANQUILITY CREEK DR","14695","WWL:NORTH:TRA14695"
"LS-000692","DAYLIGHT TRL","12520","WWL:NORTH:DAY12520"
"LS-002371","VICTORIA LAKES DR N","3534","WWL:NORTH:VIC3534"
"LS-002378","WAGES WAY E","12512","WWL:NORTH:WAG12512"
"LS-001533","NEW BERLIN RD","1490","WWL:NORTH:NEW1490"
"LS-002224","SUMMER BREEZE DR N","581","WWL:NORTH:SUM581"
"LS-001189","KERNAN FOREST BLVD","12591","WWL:EAST:KER12591"
"LS-001637","OLD MIDDLEBURG RD","6712","WWL:WEST:OLD6712"
"LS-001147","JAMMES RD","6034","WWL:WEST:JAM6034"
"LS-002199","STEAMBOAT SPRINGS DR E","4403","WWL:WEST:STE4403"
"LS-001472","MISTY MEADOWS CT N","8017","WWL:WEST:MIS8017"
"LS-000509","CANDLEBARK DR","801","WWL:EAST:CAN801"
"LS-000496","BURNT MILL RD","11201","WWL:SOUTH:BUR11201"
"LS-001036","HAWKS CLIFF CT","7402","WWL:WEST:HAW7402"
"LS-002051","SHILOH MILL BLVD","4695","WWL:SOUTH:SHI4695"
"LS-002373","VIDA LN","7094","WWL:WEST:VID7094"
"LS-000727","DIRECTORS RD","4500","WWL:WEST:DIR4500"
"LS-000109","APPLE BLOSSOM TRL E","10922","WWL:NORTH:APP10922"
"LS-000259","BAYMEADOWS RD E","8036","WWL:SOUTH:BAY8036"
"LS-000047","118TH ST","5823","WWL:WEST:1185823"
"LS-000898","FORESTDALE RD","11221","WWL:NORTH:FOR11221"
"LS-001481","MONTEREY BAY DR","7819","WWL:SOUTH:MON7819"
"LS-000791","EDENFIELD RD","6210","WWL:EAST:EDE6210"
"LS-001673","PANTHER CREEK PKWY","11182","WWL:WEST:PAN11182"
"LS-000983","GREENFIELD DR","137","WWL:STJOHNS:GRE137"
"LS-000420","BLANDING BLVD","7703","WWL:WEST:BLA7703"
"LS-001209","LADY LAKE RD","688","WWL:NORTH:LAD688"
"LS-000390","BISCAYNE BLVD","12300","WWL:NORTH:BIS12300"
"LS-002433","WILLIAM BURGESS BLVD","76688","WWL:NASSAU:WIL76688"
"LS-001896","RIVERWOOD DR","86322","WWL:NASSAU:RIV86322"
"LS-001066","HICKOX RD","86072","WWL:NASSAU:HIC86072"
"LS-001133","INTERNATIONAL VILLAGE DR","7535","WWL:EAST:INT7535"
"LS-001362","LORD NELSON BLVD","792","WWL:NORTH:LOR791"
"LS-002289","TOUCHTON RD","8362","WWL:SOUTH:TOU8362"
"LS-001344","LENTS RD","28594","WWL:NASSAU:LEN28594"
"LS-001500","MORSE AVE","6857","WWL:WEST:MOR6857"
"LS-001169","JULIA MARIE DR","3805","WWL:WEST:JUL3805"
"LS-000381","BERWICKSHIRE DR","13123","WWL:EAST:BER13123"
"LS-001156","JERRY ADAM DR","11477","WWL:NORTH:JER11477"
"LS-000838","EMERALD BAY DR","4211","WWL:EAST:EME4211"
"LS-002393","WATERMARK LN W","10014","WWL:SOUTH:WAT10014"
"LS-002343","UNIVERSITY BLVD N","4598","WWL:EAST:UNI4598"
"LS-002091","SOUTHERN CREEK DR","921","WWL:STJOHNS:SOU921"
"LS-000951","GINNIE SPRINGS RD","6350","WWL:STJOHNS:GIN6350"
"LS-001694","PECAN PARK RD","14063","WWL:NORTH:PEC14063"
"LS-001816","PROPELLER DR","5051","WWL:NORTH:PRO5051"
"LS-000428","BLOUNT ISLAND BLVD","9362","WWL:NORTH:BLO9362"
"LS-001766","PINE ACRES RD","11003","WWL:SOUTH:PIN11003"
"LS-000900","FORT MILTON DR","65","WWL:WEST:FOR65"
"LS-000400","BLACKHAWK DR","4983","WWL:STJOHNS:BLA4983"
"LS-001221","LAKE RUN BLVD","155","WWL:NORTH:LAK155"
"LS-001674","PARADISE COMMONS","37090","WWL:NASSAU:PAR3970"
"LS-000235","BARTRAM PARK BLVD","12882","WWL:STJOHNS:BAR12882"
"LS-000881","FISH EAGLE DR E","14130","WWL:NORTH:FIS14130"
"LS-001009","NORTH HAMPTON CLUB WAY","86857","WWL:NASSAU:NOR86857"
"LS-000780","EASTPORT DR","86257","WWL:NASSAU:EAS86257"
"LS-001914","ROOSEVELT BLVD","6331","WWL:WEST:ROO6331"
"LS-000443","BOSTICK WOOD DR","85231","WWL:NASSAU:BOS85231"
"LS-000817","EGRETS NEST DR","13788","WWL:STJOHNS:EGR13788"
"LS-000346","BEACON DR","11247","WWL:EAST:BEA11247"
"LS-002177","ST JOHNS FOREST BLVD","190","WWL:STJOHNS:STJ190"
"LS-000917","FT CAROLINE RD","12720","WWL:EAST:FTC12720"
"LS-001798","PORTSIDE DR","11221","WWL:EAST:POR11221"
"LS-000923","FULTON RD","5047","WWL:EAST:FUL5047"
"LS-001490","MONUMENT POINT CIR","4621","WWL:EAST:MON4621"
"LS-001610","JIGGERMAST AVE","4423","WWL:EAST:JIG4423"
"LS-000149","ASHLEY MANOR WAY W","4894","WWL:EAST:ASH4894"
"LS-000244","BAY HARBOUR DR","4568","WWL:EAST:BAY4568"
"LS-001506","KINGSLEY MANOR WAY","11433","WWL:EAST:KIN11433"
"LS-000419","BLANDING BLVD","7200","WWL:WEST:BLA7200"
"LS-001765","PIEDMONT DR","96158","WWL:NASSAU:PIE96158"
"LS-001935","SAFESHELTER DR S","2748","WWL:EAST:SAF2748"
"LS-001489","MONUMENT RD","4245","WWL:EAST:MON4245"
"LS-001672","PALMETTO INLET E","5512","WWL:EAST:PAL5512"
"LS-001425","MCCORMICK RD","12943","WWL:EAST:MCC12943"
"LS-000993","GREGORY DR","7677","WWL:WEST:GRE7677"
"LS-001488","MONUMENT RD","3333","WWL:EAST:MON3333"
"LS-002333","UNIVERSITY BLVD N","4449","WWL:EAST:UNI4449"
"LS-001897","ROANOKE BLVD","4728","WWL:NORTH:ROA4728"
"LS-000550","CHAFFEE RD S","3795","WWL:WEST:CHA3795"
"LS-001509","MOUNT PLEASANT RD","12934","WWL:EAST:MTP12934"
"LS-002438","WILLIAM MILLS ST","8765","WWL:NORTH:WIL8765"
"LS-002352","UNIVERSITY BLVD W","3534","WWL:SOUTH:UNI3534"
"LS-001777","PLAZA GATE LN","8201","WWL:SOUTH:PLA8201"
"LS-000255","BAYMEADOWS RD","3847","WWL:SOUTH:BAY3847"
"LS-002041","SHARBETH DR S","7310","WWL:WEST:SHA7310"
"LS-001018","HARBOUR ISLAND DR","4234","WWL:EAST:HAR4234"
"LS-001889","RIVER TRAIL RD","4544","WWL:EAST:RIV4544"
"LS-001068","HIDDEN HILLS DR","12051","WWL:EAST:HID12051"
"LS-002903","BLOUNT ISLAND BLVD","8998","WWL:NORTH:BLO8998"
"LS-000427","BLOUNT ISLAND BLVD","9240","WWL:NORTH:BLO9240"
"LS-000429","BLOUNT ISLAND BLVD","9950","WWL:NORTH:BLO9950"
"LS-000430","BLOUNT ISLAND BLVD","9969","WWL:NORTH:BLO9969"
"LS-002353","UNIVERSITY BLVD W","3737","WWL:EAST:UNI3737"
"LS-000624","CONGA ST","3878","WWL:SOUTH:CON3878"
"LS-000262","BAYMEADOWS WAY W","7611","WWL:SOUTH:BAY7611"
"LS-001470","MISSION HILLS DR E","3900","WWL:EAST:MIS3900"
"LS-001469","MISSION HILLS DR ","12501","WWL:EAST:MIS12501"
"LS-001415","MARTIN LAKES CT","11399","WWL:WEST:MAR11399"
"LS-001016","HARBOR CAY CT","11036","WWL:EAST:HAR11036"
"LS-000759","DUPONT AVE","2859","WWL:SOUTH:DUP2859"
"LS-002369","VIA DE LN REINA","3431","WWL:SOUTH:VIA3431"
"LS-001685","PARKLAND RD","13437","WWL:WEST:PAR13437"
"LS-000250","BAYMEADOWS CIR W","7640","WWL:SOUTH:BAY7640"
"LS-001207","LA VISTA CIR","4181","WWL:SOUTH:LAV4181"
"LS-001874","RICKER RD","5115","WWL:WEST:RIC5115"
"LS-000251","BAYMEADOWS CIR W","7836","WWL:SOUTH:BAY7836"
"LS-000932","GATE PKWY N","9898","WWL:SOUTH:GAT9898"
"LS-001270","LAS PALMAS WAY","7600","WWL:SOUTH:LAS7600"
"LS-001613","OAK WATER DR","2034","WWL:EAST:OAK2034"
"LS-000858","FAWN BROOK DR","9748","WWL:SOUTH:FAW9748"
"LS-001177","KENISTON LN","3214","WWL:EAST:KEN3214"
"LS-001485","MONUMENT  RD","1453","WWL:EAST:MON1453"
"LS-001950","SAN CLERC RD","4241","WWL:SOUTH:SAN4241"
"LS-000249","BAYLEAF RD","8751","WWL:SOUTH:BAY8751"
"LS-001206","LA VACA RD","2004","WWL:SOUTH:LAV2004"
"LS-000760","DUPONT AVE","3701","WWL:SOUTH:DUP3701"
"LS-000790","EDENFIELD RD","5710","WWL:EAST:EDE5710"
"LS-000964","GOLF COURSE DR","5219","WWL:EAST:GOL5219"
"LS-001094","HOLLY GROVE AVE","3655","WWL:SOUTH:HOL3655"
"LS-001952","SAN FERNANDO PL","7019","WWL:SOUTH:SAN7019"
"LS-000914","FT CAROLINE LAKES DR","11610","WWL:EAST:FTC11610"
"LS-000936","GATE PKWY W","8153","WWL:SOUTH:GAT8153"
"LS-000247","BAYBERRY RD","7999","WWL:SOUTH:BAY7999"
"LS-002014","SANDY SHORES DR","3824","WWL:EAST:SAN3824"
"LS-002032","SEGOVIA AVE","2337","WWL:SOUTH:SEG2337"
"LS-000730","DIX ELLIS TRL","8200","WWL:SOUTH:DIX8200"
"LS-000909","FREEDOM CROSSING TRL","8585","WWL:SOUTH:FRE8585"
"LS-000668","CYPRESS GREEN DR","9147","WWL:SOUTH:CYP9147"
"LS-001057","HERNANDO RD","7309","WWL:SOUTH:HER7309"
"LS-002107","SOUTHSIDE BLVD","7932","WWL:SOUTH:SOU7932"
"LS-000856","FALCON ST","7961","WWL:WEST:FAL7961"
"LS-002255","TAMPICO RD","5957","WWL:WEST:TAM5957"
"LS-000738","DUCHENEAU DR","4807","WWL:WEST:DUC4807"
"LS-002077","SMULLIAN TRL S","2301","WWL:SOUTH:SMU2301"
"LS-002043","SHAWNEE SHORES DR","3667","WWL:EAST:SHA3667"
"LS-002108","SOUTHSIDE BLVD","7992","WWL:SOUTH:SOU7992"
"LS-001096","HOLLY OAKS RAVINE DR","1945","WWL:EAST:HOL1945"
"LS-001813","PRINCETON SQUARE BLVD W","8331","WWL:SOUTH:PRI8331"
"LS-001806","PRAVER DR E","7742","WWL:SOUTH:PRA7742"
"LS-000908","FREEDOM CROSSING TRL","8352","WWL:SOUTH:FRE8352"
"LS-001980","SAN JOSE BLVD","8520","WWL:SOUTH:SAN8520"
"LS-000546","CESPERDES AVE","8156","WWL:SOUTH:CES8156"
"LS-000589","CLEVELAND RD","6050","WWL:NORTH:CLE6050"
"LS-000941","GATES ST","826","WWL:NORTH:GAT826"
"LS-001754","PICKETT ST","7605","WWL:NORTH:PIC7605"
"LS-002413","WESTERN WAY","8533","WWL:SOUTH:WES8533"
"LS-001628","OLD KINGS RD S","8153","WWL:SOUTH:OLD8153"
"LS-000261","BAYMEADOWS WAY W","8800","WWL:SOUTH:BAY8000"
"LS-001355","LONE STAR RD","10400","WWL:EAST:LON10400"
"LS-001440","MELVIN RD","7619","WWL:WEST:MEL7619"
"LS-000904","FOURAKER RD","3710","WWL:WEST:FOU3710"
"LS-000562","CHERRY LAKE DR E","14467","WWL:STJOHNS:CHE14467"
"LS-000981","GREEN POND DR","6123","WWL:STJOHNS:GRE6123"
"LS-001487","MONUMENT RD","1701 ","WWL:EAST:MON1701"
"LS-000481","BROOKVIEW DR N","38","WWL:EAST:BRO38"
"LS-000959","GLYNLEA RD","1295","WWL:EAST:GLY1295"
"LS-000792","EDGEWATER CROSSING DR","4401","WWL:SOUTH:EDG4401"
"LS-001218","LAKE LUGANO DR","6195","WWL:SOUTH:LAK6195"
"LS-002410","WESTERN LAKE DR","8652","WWL:SOUTH:WES8652"
"LS-001484","MONUMENT RD","1154","WWL:EAST:MON1154"
"LS-000673","D ST","2560","WWL:NORTH:DST2560"
"LS-002111","SOUTHSIDE BLVD","9000","WWL:SOUTH:SOU9000"
"LS-002098","SOUTHSIDE BLVD","10300","WWL:SOUTH:SOU10300"
"LS-000901","FORTUNE PKWY","10320","WWL:SOUTH:FOR10320"
"LS-001434","MC LAURIN RD E","10577","WWL:SOUTH:MCL10577"
"LS-000672","D ST","2415","WWL:NORTH:DST2415"
"LS-002223","SUGAR MEADOW TRL","9237","WWL:SOUTH:SUG9237"
"LS-001709","PHILIPS HWY","10200","WWL:SOUTH:PHI10200"
"LS-001499","MORSE AVE","6101","WWL:WEST:MOR6101"
"LS-000085","ALEXANDRA DR","12193","WWL:NORTH:ALE12193"
"LS-000650","CREEKWOOD DR","11035","WWL:SOUTH:CRE11035"
"LS-002206","STRAWFLOWER PL","6101","WWL:NORTH:STR6101"
"LS-000960","GLYNLEA RD","657","WWL:EAST:GLY657"
"LS-001268","LANTANA AVE","2538","WWL:NORTH:LAN2538"
"LS-000916","FT CAROLINE RD","11434","WWL:EAST:FTC11434"
"LS-001176","KENDALL TOWN BLVD","9687","WWL:EAST:KEN968"
"LS-001698","PEELER RD","3475","WWL:EAST:PEE3475"
"LS-001095","FT CAROLINE RD","9846","WWL:EAST:FTC9846"
"LS-000303","BEACH BLVD","14380","WWL:EAST:BEA14380"
"LS-001558","NEW WORLD AVE","5589","WWL:WEST:NEW5589"
"LS-000305","BEACH BLVD","14750","WWL:EAST:BEA14750"
"LS-002419","WHEELER AVE","4801","WWL:WEST:WHE4801"
"LS-001683","PARK ST","4815","WWL:WEST:PAR4815"
"LS-002271","TIDES EDGE PL","125-A","WWL:STJOHNS:TID125"
"LS-001003","HAMILTON ST","1396","WWL:WEST:HAM1396"
"LS-001410","MARSH HAMMOCK DR E","4790","WWL:EAST:MAR4790"
"LS-000855","FAITH MEMORIAL DR","711","WWL:WEST:FAI711"
"LS-000895","FOGGY VEIL CT","3757","WWL:EAST:FOG3757"
"LS-001412","MARSH ISLAND LN","14657","WWL:EAST:MAR14657"
"LS-002311","TURTLE BAY LN","85","WWL:STJOHNS:TUR199A"
"LS-000595","COASTAL VIEW DR","3660","WWL:EAST:COA3660"
"LS-002006","SAN PABLO RD S","4467","WWL:EAST:SAN4467"
"LS-001166","JOSE VEDRA BLVD","14450","WWL:EAST:JOS14450"
"LS-002187","STACEY RD","14463","WWL:EAST:STA14463"
"LS-001903","ROBERTS RD","687","WWL:STJOHNS:ROB687"
"LS-000706","DEERWOOD CIR N","908","WWL:NORTH:DEE908"
"LS-000104","ANDERSON WOODS DR","4172","WWL:NORTH:AND4172"
"LS-001462","MILLCOE RD","1400","WWL:EAST:MIL1400"
"LS-000536","CEDAR ISLAND DR","14600","WWL:EAST:CED14600"
"LS-000646","CREEK BEND RD","1217","WWL:STJOHNS:CRE1217"
"LS-001134","INTERNATIONAL VILLAGE DR","8083","WWL:EAST:INT8083"
"LS-001611","OAKLAWN RD","11487","WWL:NORTH:OAK11487"
"LS-002375","VILLAGE GREEN AVE","155","WWL:STJOHNS:VIL155"
"LS-000666","CUNNINGHAM ESTATES RD","1502","WWL:STJOHNS:CUN1502"
"LS-000448","BOWDEN RD","6817","WWL:SOUTH:BOW6817"
"LS-001164","JONES CREEK DR","1143","WWL:EAST:JON1143"
"LS-001384","MALLARD LANDING BLVD N","1353","WWL:STJOHNS:MAL1353"
"LS-000582","CLAPBOARD CREEK DR","5204","WWL:NORTH:CLA5204"
"LS-000533","CATTLE CROSSING WAY","5503","WWL:NORTH:CAT5503"
"LS-002192","STARDUST CT","2722","WWL:EAST:STA2722"
"LS-002465","WOODLEIGH DR W","2014","WWL:EAST:WOO2014"
"LS-001010","NORTH HAMPTON CLUB WAY","862870","WWL:NASSAU:HAM862870"
"LS-002464","WOODLEIGH DR W","1820","WWL:EAST:WOO1820"
"LS-000379","BERT RD","1044","WWL:EAST:BER1044"
"LS-001877","RICKER RD","6226","WWL:WEST:RIC6226"
"LS-002092","SOUTHERN GROVE DR","110","WWL:STJOHNS:SOU110"
"LS-001486","MONUMENT RD","1500","WWL:EAST:MON1500"
"LS-001493","MORET DR S","6600","WWL:WEST:MOR6600"
"LS-000519","CARLOTTA RD N","8043","WWL:EAST:CAR8043"
"LS-002296","TOWNSEND RD","5900","WWL:WEST:TOW5900"
"LS-000520","CARLOTTA RD W","900","WWL:EAST:CAR900"
"LS-000026","103RD ST","6650","WWL:WEST:1036650"
"LS-000929","GARRISON DR","1101","WWL:STJOHNS:GAR1101"
"LS-001784","PLYMOUTH ST","4616","WWL:WEST:PLY4616"
"LS-001100","HOMARD BLVD N","10220","WWL:EAST:HOM10220"
"LS-002084","SOUTH HAMPTON CLUB WAY","255","WWL:STJOHNS:SOU265"
"LS-001424","MCCORMICK RD","11803","WWL:EAST:MCC11803"
"LS-001015","HANSON DR N","6927","WWL:WEST:HAN6927"
"LS-001452","MERRILL RD","7732","WWL:EAST:MER7732"
"LS-002468","WOOLERY DR","2512","WWL:EAST:WOO2512"
"LS-000638","COUNTY RD 210","2283","WWL:STJOHNS:COU2283"
"LS-001598","NORSE DR","6247","WWL:WEST:NOR6247"
"LS-000122","ARLEX DR S","6912","WWL:EAST:ARL6912"
"LS-001420","MAYAPPLE RD E","2530","WWL:EAST:MAY2530"
"LS-000994","GREGORY DR","7844","WWL:WEST:GRE7844"
"LS-000712","DEL WEBB PKWY","9092","WWL:SOUTH:DEL9092"
"LS-002191","STANTON HILLS DR","10653","WWL:WEST:STA10653"
"LS-000222","AYRSHIRE ST E","12621","WWL:NORTH:AYS12621"
"LS-001797","PORTER LAKES DR","1527","WWL:NORTH:POR1527"
"LS-000617","COMMODORE POINT DR","96485","WWL:NASSAU:COM96485"
"LS-001058","HERON ISLES PKWY","96289","WWL:NASSAU:HER96288"
"LS-001211","LAKE BEND CIR","11845","WWL:NORTH:LAK11845"
"LS-002341","UNIVERSITY BLVD N","3518","WWL:EAST:UNI3518"
"LS-002047","SHEPARD ST","2280","WWL:EAST:SHE2280"
"LS-002905","LEXINGTON PARK BLVD","15648","WWL:NORTH:LEX15648"
"LS-002325","UNIVERSITY BLVD N","1829","WWL:EAST:UNI1829"
"LS-000758","DUNN AVE","6678","WWL:NORTH:DUN6678"
"LS-000724","DIGBY LN","6671","WWL:NORTH:DIG6671"
"LS-002294","TOWN CENTER PKWY","4522","WWL:SOUTH:TOW4522"
"LS-001311","LEM TURNER RD","9495","WWL:NORTH:LEM9495"
"LS-001899","ROBERT MASTERS BLVD","11355","WWL:NORTH:ROB11355"
"LS-000851","ETHEL RD","16536","WWL:NORTH:ETH16536"
"LS-001479","MONROE FOREST DR","5001","WWL:SOUTH:MON5001"
"LS-001654","ORTEGA HILLS DR","4959","WWL:WEST:ORT4959"
"LS-000598","COLE FLYER RD","2111","WWL:NORTH:COL2111"
"LS-000988","GREENLAND RD","5663","WWL:SOUTH:GRE5663"
"LS-000984","GREENLAND CHASE BLVD","6593","WWL:SOUTH:GRE6593"
"LS-000243","BATTLE GATE RD","6263","WWL:SOUTH:BAT6263"
"LS-002142","SR 9 (I-95 WELCOME CENTER)","2597","WWL:NASSAU:STA2597"
"LS-001329","LEO MAGUIRE PKWY","9400","WWL:STJOHNS:LEO9400"
"LS-000217","AUSTIN CREEK RD","2152","WWL:NORTH:AUS2152"
"LS-000538","CENTERWOOD CT","10446","WWL:NORTH:CEN10446"
"LS-000507","CAMPUS HEIGHTS LN","11022","WWL:NORTH:CAM11022"
"LS-000691","DAWSONS CREEK DR","7839","WWL:WEST:DAW7839"
"LS-000537","CEDAR POINT RD","3881","WWL:NORTH:CED3881"
"LS-001616","OAKLEAF PLANTATION PKWY","785","WWL:WEST:OAK785-2"
"LS-001617","OAKLEAF PLANTATION PKWY","786","WWL:WEST:OAK786"
"LS-002195","STARRATT RD","2951","WWL:NORTH:STA2951"
"LS-000099","ECO RD","4172","WWL:EAST:ECO4172"
"LS-001906","ROGERO RD","2037","WWL:EAST:ROG2037"
"LS-000112","ARBOR LAKE DR","12026","WWL:EAST:ARB12026"
"LS-001445","MERCHANTS WAY","8446","WWL:WEST:MER8446"
"LS-000111","ARBOR LAKE DR","11867","WWL:EAST:ARB11867"
"LS-001905","ROGERO RD","1807","WWL:EAST:ROG1807"
"LS-002336","UNIVERSITY BLVD N","905","WWL:EAST:UNI905"
"LS-000545","CESERY BLVD","955","WWL:EAST:CES955"
"LS-001692","PEBBLE BROOK CIR","3826","WWL:WEST:PEB3826"
"LS-001658","OTTER RUN DR","96515","WWL:NASSAU:OTT96515"
"LS-001413","MARSH LAKES DR","96135","WWL:NASSAU:MAR96135"
"LS-001212","LAKE FRETWELL ST","13433","WWL:WEST:LAK13433"
"LS-003081","LAKE FRETWELL ST","13714","WWL:WEST:LAK13714"
"LS-001827","R G SKINNER PKWY","9174","WWL:SOUTH:RGS9174"
"LS-002152","SR 200 (ABC LIQUORS)","474572","WWL:NASSAU:STA474572"
"LS-002272","TIMBER CREEK BLVD","76441","WWL:NASSAU:TIM76437"
"LS-001559","NEW WORLD AVE","5987","WWL:WEST:NEW5987"
"LS-001271","LAS ROBIDA DR","939","WWL:EAST:LAS939"
"LS-000952","GLEN ECHO RD","1012","WWL:EAST:GLE1012"
"LS-000133","ARLINGTON EXPY","7837","WWL:EAST:ARL7837"
"LS-000461","BRIDGE CREEK DR N","268","WWL:STJOHNS:BRI268"
"LS-001273","L'ATRIUM CIR N","2320","WWL:STJOHNS:LAT2320"
"LS-000982","GREENBRIAR RD","554","WWL:STJOHNS:GRE554"
"LS-000874","FIDDLERS HAMMOCK LN","3231","WWL:STJOHNS:FID3231"
"LS-002034","SENECA DR","2691","WWL:STJOHNS:SEN2691"
"LS-001516","NASSAU PL","96091","WWL:NASSAU:NAS96091"
"LS-000134","ARLINGTON EXPY","8052","WWL:EAST:ARL8052"
"LS-000656","CROSSOVER ST","13451","WWL:WEST:CRO13541"
"LS-000130","ARLINGTON EXPY","6233","WWL:EAST:ARL6233"
"LS-001686","PARKRIDGE CIR S","8132","WWL:EAST:PAR8132"
"LS-001277","LEMASTER DR","536","WWL:STJOHNS:LEM536"
"LS-002026","SEA WINDS LN","20","WWL:STJOHNS:SEA20"
"LS-000944","GENE LASSERRE BLVD","86440","WWL:NASSAU:GEN86440"
"LS-000380","BERT RD","833","WWL:EAST:BER833"
"LS-001997","SAN JUAN DR","89","WWL:STJOHNS:SAN89"
"LS-002008","SAND CASTLE DR","7","WWL:STJOHNS:SAN7"
"LS-000675","BREVE DR","3211","WWL:NORTH:BRE3211"
"LS-001794","PONTE VEDRA BLVD","651","WWL:STJOHNS:PON651"
"LS-001666","PABLO RD","70-A","WWL:STJOHNS:PAB70A"
"LS-001793","PONTE VEDRA BLVD","612","WWL:STJOHNS:PON612"
"LS-000123","ARLINGTON RD","1090","WWL:EAST:ARL1090"
"LS-000369","BELAIR RD S","3002","WWL:EAST:BEL3002"
"LS-000132","ARLINGTON EXPY","7528","WWL:EAST:ARL7528"
"LS-002432","WILLIAM BURGESS BLVD","76352","WWL:NASSAU:WIL76352"
"LS-000653","CRESTLINE DR","6501","WWL:EAST:CRE6501"
"LS-000647","CREEK POINT BLVD","1397","WWL:NORTH:CRE1397"
"LS-001375","LUEDERS AVE","7709","WWL:NORTH:LEU7709"
"LS-000958","GLENWOOD AVE","4604","WWL:WEST:GLE4604"
"LS-001020","HARRINGTON PARK DR","1511","WWL:EAST:HAR1511"
"LS-001411","MARSH HARBOR DR N","13708","WWL:EAST:MAR13708"
"LS-000120","ARGYLE FOREST BLVD","9526","WWL:WEST:ARG9526"
"LS-002137","STATE RD 13 N","450","WWL:STJOHNS:STA450"
"LS-000559","CHARTER CT","13645","WWL:EAST:CHA13645"
"LS-001826","QUEENS ISLAND CT","1207","WWL:EAST:QUE1207"
"LS-001825","QUEENS HARBOR BLVD","1145","WWL:EAST:QUE1145"
"LS-001812","PRINCESS KELLY DR","13560","WWL:EAST:PRI13560"
"LS-001894","RIVERVIEW DR","13862","WWL:EAST:RIV13862"
"LS-002057","SHIPWATCH DR E","673","WWL:EAST:SHI673"
"LS-001432","MCGIRTS POINT BLVD","1895","WWL:WEST:MCG1895"
"LS-002058","SHIPWATCH DR E","791","WWL:EAST:SHI791"
"LS-002056","SHIPWATCH DR E","1161","WWL:EAST:SHI1161"
"LS-002895","WINDSOR DR","96124","WWL:NASSAU:WIN96124"
"LS-001823","QUEENS HARBOR BLVD","225","WWL:EAST:QUE225"
"LS-000915","FT CAROLINE RD","10797","WWL:EAST:FTC10797"
"LS-002186","ST JOHNS PKWY","2084","WWL:STJOHNS:STJ2084"
"LS-000600","COLLINS GROVE RD","7837","WWL:SOUTH:COL7837"
"LS-000714","DELFINO DR","1248","WWL:EAST:DEL1248"
"LS-002149","STATE RD 200","463785","WWL:NASSAU:STA463785"
"LS-000575","CHUCKWAGON TRL","15361","WWL:WEST:CHU15361"
"LS-000774","DUVAL STATION RD","500","WWL:NORTH:DUV500"
"LS-001838","RAMONA BLVD","6800","WWL:WEST:RAM6800"
"LS-002472","YELLOW BILL LN","122","WWL:STJOHNS:YEL122"
"LS-002048","SHERMAN HILLS PKWY","4682","WWL:WEST:SHE4672"
"LS-000100","AMARYLLIS CT","85111","WWL:NASSAU:AMA85111"
"LS-002909","SHADEHILL RD","6051","WWL:STJOHNS:SHA6051"
"LS-001817","PULASKI RD","12321","WWL:NORTH:PUL12321"
"LS-000890","FLORA PARKE BLVD","23874","WWL:NASSAU:FLO23874"
"LS-001345","GRANDVIEW MNR","28976 ","WWL:NASSAU:GRA28976"
"LS-003274","LIGHTVIEW LN","3687","WWL:EAST:LIG3687"
"LS-002215","SUB CHASER CT","4602","WWL:WEST:SUB4602"
"LS-002259","WEST TEAGUE BAY DR","28","WWL:STJOHNS:WES28"
"LS-003110","ST THOMAS ISLAND PKWY","1397","WWL:STJOHNS:STT1397"
"LS-002374","VILLA SOVANA CT","138","WWL:STJOHNS:VIL138"
"LS-002185","ST THOMAS  ST","85001","WWL:NASSAU:STT85001"
"LS-003355","BARTRAM PARK BLVD","14531","WWL:STJOHNS:BAR14531"
"LS-003356","BARTRAM PARK BLVD","14802","WWL:STJOHNS:BAR14802"
"LS-002205","STONEY DR","96263","WWL:NASSAU:STO96263"
"LS-000103","AMELIA CONCOURSE","95352","WWL:NASSAU:AME95352"
"LS-000974","GRAND OAKS LN","96037","WWL:NASSAU:GRA96037"
"LS-000457","BRADY POINT RD","95135","WWL:NASSAU:BRA95135"
"LS-001008","NORTH HAMPTON CLUB WAY","861323","WWL:NASSAU:HAM861323"
"LS-001443","MENTORIA RD","75999","WWL:NASSAU:MEN41"
"LS-001566","NICHOLAS CUTINHA RD","76210","WWL:NASSAU:NIC76210"
"LS-002139","STATE RD 200","464018","WWL:NASSAU:STA464004"
"LS-002143","SR 9 (I-95 WEIGH STATION SB)","5367","WWL:NASSAU:STA5367"
"LS-002144","SR 9 (I-95 WEIGH STATION NB)","5400","WWL:NASSAU:STA5400"
"LS-001796","PORT JACKSONVILLE PKWY","3774","WWL:NORTH:POR3774"
"LS-001795","PORT JACKSONVILLE PKWY","3034","WWL:NORTH:POR3034"
"LS-002225","SUMMERLIN LN","3751","WWL:EAST:SUM3751"
"LS-002812","HAWKCREST DR E","2369","WWL:STJOHNS:HAW2369"
"LS-001110","HOWARD RD","1560","WWL:NORTH:HOW1560"
"LS-001186","KERNAN BLVD S","4800","WWL:EAST:KER4800"
"LS-001407","MARISCO WAY","225","WWL:WEST:MAR225"
"LS-001512","MYRTLE AVE N","55","WWL:NORTH:MYR55"
"LS-000398","BLACK WALNUT CT","12255","WWL:NORTH:BLA12255"
"LS-001600","NORTH DURBIN PKWY","115","WWL:STJOHNS:DUR115"
"LS-001474","MISTY VIEW DR","6781","WWL:WEST:MIS6781"
"LS-001446","MERCHANTS GATE DR","8120","WWL:WEST:MER8120"
"LS-000367","BEDSTONE DR","178","WWL:STJOHNS:BED178"
"LS-002119","SPRING BOARD DR","11651","WWL:NORTH:SPR11651"
"LS-002239","SUNCHASE DR","12510","WWL:EAST:SUN12510"
"LS-001615","OAKLEAF PLANTATION PKWY","573","WWL:WEST:OAK573"
"LS-002286","TOLLERTON AVE","136","WWL:STJOHNS:TOL136"
"LS-000604","COLLINS RD","5604","WWL:WEST:COL5604"
"LS-001923","ROUND TABLE RD","5867","WWL:WEST:ROU5867"
"LS-000531","CATANIA PL","3750","WWL:EAST:CAT3750"
"LS-001893","RIVERSTONE WAY","11291","WWL:NORTH:RIV11291"
"LS-000219","AVENT DR","4739","WWL:WEST:AVE4739"
"LS-001138","ISLAND POINT DR","933","WWL:NORTH:ISL933"
"LS-000224","BAINEBRIDGE DR","15807","WWL:NORTH:BAI15807"
"LS-000225","BAINEBRIDGE DR","15854","WWL:NORTH:BAI15854"
"LS-000470","BROAD ST","1261","WWL:NORTH:BRO1261"
"LS-000110","ARBOR BREEZE LN","8825","WWL:WEST:ARB8825"
"LS-001372","LOUIS CLARK CT","6331","WWL:WEST:LOU6331"
"LS-000231","BARNSTORMER RD","2158","WWL:NORTH:BAR2158"
"LS-000579","CITY SQUARE DR","13115","WWL:NORTH:CIT13115"
"LS-002076","SMITH POINT DR","2057","WWL:NORTH:SMI2057"
"LS-002474","YELLOW BLUFF RD","12611","WWL:NORTH:YEL12611"
"LS-003143","PALM LAKE DR","11740","WWL:NORTH:PAL11740"
"LS-001936","SAGE WILLOW WAY","6132","WWL:WEST:SAG6132"
"LS-002983","A C SKINNER PKWY","8224","WWL:SOUTH:ACS8224"
"LS-003194","VILLA LN","87009","WWL:NASSAU:VIL87009"
"LS-000878","FIRETOWER RD","8570","WWL:WEST:FIR8570"
"LS-002437","WILLIAM MILLS ST","5160","WWL:NORTH:WIL5160"
"LS-001370","LOTHMORE RD","11038","WWL:WEST:LOT11038"
"LS-000002","1ST ST W","2580","WWL:NORTH:1ST2580"
"LS-000007","45TH ST W","1646","WWL:NORTH:45T1646"
"LS-002896","COASTAL HWY","4451","WWL:STJOHNS:A1A4451"
"LS-000113","ARBOR LN","1092","WWL:EAST:ARB1092"
"LS-000241","BARTRAM VILLAGE DR","6046","WWL:STJOHNS:BAR6046"
"LS-000245","BAY ST E","4","WWL:NORTH:BAY4"
"LS-000357","BEAVER ST W","15701","WWL:WEST:BEA15701"
"LS-000340","BEACH BLVD","9815","WWL:EAST:BEA9815"
"LS-000386","BILODEAU CT","1850","WWL:WEST:BIL1850"
"LS-000468","BRIGHTON PARK LN","5210","WWL:WEST:BRI5210"
"LS-000504","CAMDEN RD","11775","WWL:NORTH:CAM11775"
"LS-000530","CATHERINE ST","451","WWL:NORTH:CAT451"
"LS-000547","CHAFFEE POINT BLVD","549","WWL:WEST:CHA549"
"LS-000592","CLOVELLY LN W","2399","WWL:STJOHNS:CLO2399"
"LS-001664","COMMISSIONERS DR","5303","WWL:EAST:COM5303"
"LS-000639","COUNTY RD 210","2740","WWL:STJOHNS:COU2740"
"LS-000731","DIXIE CLIPPER RD","2101","WWL:NORTH:DIX2101"
"LS-000778","EAGLE POINT DR","954","WWL:STJOHNS:EAG954"
"LS-000789","EDENFIELD RD","5681","WWL:EAST:EDE5681"
"LS-000853","EXLINE RD","7260","WWL:WEST:EXL7260"
"LS-000921","FT CAROLINE RD","8301","WWL:EAST:FTC8301"
"LS-000940","GATELY RIDGE CT","12333","WWL:EAST:GAT12333"
"LS-000937","GATE PKWY W","8290","WWL:SOUTH:GAT8290"
"LS-000943","GAZEBO PARK PL N","6111","WWL:SOUTH:GAZ6111"
"LS-000979","GRAYFIELD DR","6500","WWL:WEST:GRA6500"
"LS-000996","GROSVNER SQ DR","1332","WWL:EAST:GRO1332"
"LS-001034","HAWKEYE CIR","8895","WWL:WEST:HAW8895"
"LS-001085","HILLSTEAD LN","3907","WWL:SOUTH:HIL3907"
"LS-001111","HUCKINS CT","2336","WWL:EAST:HUC2336"
"LS-001121","I-95 REST AREA SOUTHBOUND",NA,"WWL:STJOHNS:RESI95S"
"LS-001144","JAMMES RD","1956","WWL:WEST:JAM1956"
"LS-001162","JOHNS CREEK PKWY","391","WWL:STJOHNS:JOH391"
"LS-001161","JOHNS CREEK PKWY","231","WWL:STJOHNS:JOH231"
"LS-001200","KLINE RD","3221","WWL:EAST:KLI3221"
"LS-001266","LANSDOWNE DR","1700","WWL:EAST:LAN1700"
"LS-001261","LANE AVE S","1973","WWL:WEST:LAN1973"
"LS-001330","SAMPSON WAY","470","WWL:STJOHNS:SAM470"
"LS-001351","LONDON LAKE DR W","12080","WWL:SOUTH:LON12080"
"LS-002894","MAJESTIC WALK BLVD","85057","WWL:NASSAU:MAJ85057"
"LS-001399","MANOTAK AVE","1466","WWL:WEST:MAN1466"
"LS-001392","MANDARIN RD","14842","WWL:SOUTH:MAN14842"
"LS-001414","MARSH VIEW HAVEN DR","194","WWL:STJOHNS:MAR194"
"LS-001436","MEADOW VISTA DR","7901","WWL:SOUTH:MEA7901"
"LS-001439","MEEK DR","3801","WWL:EAST:MEE3801"
"LS-001456","METRO PARK","1200","WWL:NORTH:MET1"
"LS-001480","MONTEBELLO WAY","3780","WWL:EAST:MON3780"
"LS-001476","MONCRIEF RD","4861","WWL:NORTH:MON4861"
"LS-001504","MOSS HOLLOW DR","15598","WWL:NORTH:MOS15598"
"LS-001517","NATALIE DR","10965","WWL:NORTH:NAT10965"
"LS-001561","HECKSCHER DR","4377","WWL:NORTH:NOR1"
"LS-001562","HECKSCHER DR","4377","WWL:NORTH:NOR2"
"LS-001563","HECKSCHER DR","4377","WWL:NORTH:NOR3"
"LS-001564","HECKSCHER DR","4377","WWL:NORTH:NOR4"
"LS-001619","OCEAN GRANDE DR","103","WWL:STJOHNS:OCE103"
"LS-001624","OLD COLONY DR","5447","WWL:WEST:OLD5447"
"LS-001629","OLD KINGS RD S","8833","WWL:SOUTH:OLD8833"
"LS-001775","PLANTATION OAKS BLVD","4191","WWL:WEST:PLA4191"
"LS-001773","PLANTATION BAY DR","7616","WWL:WEST:PLA7616"
"LS-001790","PONTE VEDRA BLVD","201","NONE"
"LS-001792","PONTE VEDRA BLVD","280-A","WWL:STJOHNS:PON280A"
"LS-001804","POWERS AVE","6513","WWL:SOUTH:POW6513"
"LS-001807","PRESIDENTS CT","1201","WWL:WEST:PRE12101"
"LS-001840","RAMPART RD","7265","WWL:WEST:RAM7265"
"LS-001850","REDSTONE DR","4941","WWL:WEST:RED4941"
"LS-001860","RHODE ISLAND DR E","6831","WWL:NORTH:RHO6831"
"LS-002013","SANDY CREEK PKWY","130","WWL:STJOHNS:SAN130"
"LS-002011","SANDLERS PRESERVE DR","6500","WWL:WEST:SAN6500"
"LS-002063","SIERRA GARDENS DR","8059","WWL:WEST:SIE8059"
"LS-002085","SOUTH HAMPTON CLUB WAY","375","WWL:STJOHNS:SOU375"
"LS-002087","SOUTH SEA LNKE LN","501","WWL:STJOHNS:SOU501"
"LS-002105","SOUTHSIDE BLVD","7587","WWL:SOUTH:SOU7587"
"LS-002129","SPRING PARK RD","3924","WWL:EAST:SPR3924"
"LS-002180","ST JOHNS GOLF DR","311","WWL:STJOHNS:STJ311"
"LS-002178","ST JOHNS FOREST BLVD","392","WWL:STJOHNS:STJ392"
"LS-002203","STONEBRIER RIDGE DR","3156","WWL:WEST:STO3156"
"LS-002261","TEQUESTA CT","5316","WWL:WEST:TEQ5316"
"LS-002910","TIDECREST PKWY","92","WWL:STJOHNS:TID92"
"LS-002305","TRAILS END RD","7457","WWL:EAST:TRA7457"
"LS-002331","UNIVERSITY BLVD N","3500","WWL:EAST:UNI3500"
"LS-002342","UNIVERSITY BLVD N","4085","WWL:EAST:UNI4085"
"LS-002365","VENETIAN AVE","86014","WWL:NASSAU:VEN86014"
"LS-002372","VICTORIA PARK RD","3176","WWL:SOUTH:VIC3176"
"LS-002379","WAKEVIEW DR","667","WWL:WEST:WAK667"
"LS-002381","WALDEN SPRINGS WAY","14951","WWL:STJOHNS:WAL14951"
"LS-002392","WATCH TOWER DR","12014","WWL:SOUTH:WAT12014"
"LS-002399","WAYLAND ST","3758","WWL:EAST:WAY3758"
"LS-002451","WILSON ST","3110","WWL:NORTH:WIL3110"
"LS-002453","WINCHESTER LN","2484","WWL:STJOHNS:WIN2484"
"LS-002462","WOOD DUCK HOLLOW","1195","WWL:STJOHNS:WOO1195"
"LS-002907","YEAGER RD","10480","WWL:NORTH:YEA10480"
"LS-001377","MAGNOLIA GROVE WAY","16433","WWL:NORTH:MAG16433"
"LS-003192","WESTLAND OAKS DR","7445","WWL:WEST:WES7445"
"LS-000510","CANEY WOOD CT S","2418","WWL:NORTH:CAN2418"
"LS-001862","RHODE ISLAND DR W","6910","WWL:NORTH:RHO6910"
"LS-001623","OLD BLUFF DR","150","WWL:STJOHNS:OLD150"
"BPS-003387","TWIN CREEK DR","106","WWL:STJOHNS:TWI106M"
"LS-000961","GOLDEN BAMBOO DR","8235","WWL:WEST:GOL8235"
"LS-003220","DAVIS PARK RD","74","WWL:STJOHNS:DAV74"
"LS-003177","PRAIRIE PARKE PL","32026","WWL:NASSAU:PRA32026"
"LS-000516","CARACARA DR","9344","WWL:WEST:CAR9344"
"LS-003176","SUNNY PARKE DR","32664","WWL:NASSAU:SUN32664"
"LS-003196","ILAH RD","10466","WWL:SOUTH:ILA10446"
"LS-001498","MORSE AVE","6084","WWL:WEST:MOR6084"
"LS-003247","NEW WORLD AVE","4950","WWL:WEST:NEW4950"
"LS-000299","BEACH BLVD","14008","WWL:EAST:BEA14008"
"LS-003322","BISCAYNE GROVE LN","1406","WWL:NORTH:BIS1406"
"LS-001608","NOTTAGE HILL ST","801-1","WWL:STJOHNS:NOT801"
"LS-000514","CAPPER RD","3230","WWL:NORTH:CAP3230"
"LS-003478","CHERYL ANN LN","8572","WWL:WEST:CHE8572"
"LS-001639","OLD PIONEER RD","7184","WWL:WEST:OLD7184"
"LS-003367","STERNWHEEL DR","382","WWL:STJOHNS:STE382"
"LS-003281","PORT INDUSTRIAL DR","2627","WWL:NORTH:POR2627"
"LS-001328","LENTS  RD","87073","WWL:NASSAU:LEN87073"
"LS-000535","CEDAR BRANCH RD","10889","WWL:NORTH:CED10889"
"LS-002426","WILD CHERRY DR","95318","WWL:NASSAU:WIL95318"
"LS-000437","BLUEWATER DR","733","WWL:STJOHNS:BLU733"
"LS-000436","BLUEWATER DR","1323","WWL:STJOHNS:BLU1323"
"LS-000435","BLUEWATER DR","125","WWL:STJOHNS:BLU125"
"LS-000397","BLACK CHERRY DR","908","WWL:STJOHNS:BLA908"
"LS-000221","AVIATION DR","855","WWL:EAST:AVI855"
"LS-000237","BARTRAM PARK BLVD","14041","WWL:STJOHNS:BAR14041"
"LS-002049","SHETLAND DR","172","WWL:STJOHNS:SHE172"
"LS-001378","MAHOGANY BAY DR","189","WWL:STJOHNS:MAH189"
"LS-001819","PURITAN RD","42","WWL:STJOHNS:PUR42"
"LS-001822","QUEEN VICTORIA AVE","218","WWL:STJOHNS:QUE218"
"LS-001810","PRINCE ALBERT AVE","183","WWL:STJOHNS:PRI183"
"LS-002475","YORKSHIRE DR","97093","WWL:NASSAU:YOR97093"
"LS-001601","NORTH DURBIN PKWY","585","WWL:STJOHNS:DUR585"
"LS-001597","NOROAD","8591","WWL:WEST:NOR8591"
"LS-000912","FT CAROLINE HARBOR DR","3752","WWL:EAST:FTC3752"
"LS-002368","VEVERAS DR","14001","WWL:STJOHNS:VEV14001"
"LS-001947","SAM CARUSO WAY","11400","WWL:WEST:SAM11400"
"LS-000945","GENERAL AVE","10288","WWL:WEST:GEN10288"
"LS-001883","RINGNECK DR","3763","WWL:NORTH:RIN3763"
"LS-000236","BARTRAM PARK BLVD","13551","WWL:STJOHNS:BAR13551"
"LS-002469","WORTHINGTON PKWY","180","WWL:STJOHNS:WOR180"
"LS-001199","KIRKPATRICK DR","3601","WWL:WEST:KIR3601"
"LS-000795","MCLENDON ST","3335","WWL:NORTH:MCL3335"
"LS-002134","STATE RD 13","3142","WWL:STJOHNS:STA3142"
"LS-001887","RIVER RUN BLVD","1018","WWL:STJOHNS:RIV1018"
"LS-001888","RIVER RUN BLVD","425","WWL:STJOHNS:RIV425"
"LS-001919","ROSES BLUFF RD","87613","WWL:NASSAU:ROS87613"
"LS-000482","BROOKWOOD DR","75025","WWL:NASSAU:BRO75025"
"LS-001037","HAWKS VIEW DR","3689","WWL:WEST:HAW3689"
"LS-002463","WOODBRIDGE PKWY","95346","WWL:NASSAU:WOO95346"
"LS-001210","LAGOON FOREST DR","65134","WWL:NASSAU:LAG65134"
"LS-001885","RIVER GLEN PKWY","65096","WWL:NASSAU:RIV65096"
"LS-002241","SURF BIRD CIR","11874","WWL:SOUTH:SUR11874"
"LS-000114","ARBOR OAK LN","9420","WWL:NORTH:ARB9420"
"LS-001141","IVYHEDGE AVE","1318","WWL:STJOHNS:IVE1318"
"LS-001139","ISLESBROOK PKWY","112","WWL:STJOHNS:ISL112"
"LS-001382","MAJESTIC EAGLE DR","39","WWL:STJOHNS:MAJ39"
"LS-001097","HOLLY BERRY LN","147","WWL:STJOHNS:HOL147"
"LS-003388","FORT WADE RD","63","WWL:STJOHNS:FTW63"
"LS-003900","DURBIN PKWY N","887","WWL:STJOHNS:DUR887"
"LS-003613","FIELD CREST DR S","96","WWL:STJOHNS:FIE96"
"LS-001811","PRINCESS KELLY DR","13383","WWL:EAST:PRI13383"
"LS-000023","MAGNOLIA VALLEY DR","5097","WWL:WEST:MAG5097"
"LS-000777","EAGLE NATURE TRL","5020","WWL:WEST:EAG5020"
"LS-003514","R G SKINNER PKWY","9766","WWL:SOUTH:RGS9766"
"LS-001263","LANIER CREEK DR","11787","WWL:SOUTH:LAN11787"
"LS-000073","AEROSPACE WAY","13650","WWL:WEST:AER13650"
"LS-003513","BARTRAM SPRINGS PKWY","15051","WWL:STJOHNS:BAR15051"
"LS-001783","PLUMMERS CREEK DR","79734","WWL:NASSAU:PLU79734"
"LS-003612","NOCATEE VILLAGE DR","79","WWL:STJOHNS:NOC79"
"LS-003483","FREE AVE","8704","WWL:EAST:FRE8704"
"LS-002376","SANDLE DR","6794","WWL:NORTH:SAN6794"
"LS-003883","CHERRY LAUREL PL","164","WWL:STJOHNS:CHE164"
"LS-003876","DONGALLA CT","19","WWL:EAST:DON17"
"LS-003717","CAPTIVA DR","228","WWL:STJOHNS:CAP228"
"LS-003698","CROSS TOWN DR","884","WWL:STJOHNS:CRO884"
"LS-003709","JASPER AVE","7711","WWL:EAST:JAS7711"
"LS-003485","JASPER AVE","8494","WWL:EAST:JAS8494"
"LS-003484","INDIA AVE","8516","WWL:EAST:IND8516"
"LS-003707","HARE AVE","7700","WWL:EAST:HAR7700"
"LS-003705","HARE AVE","8605","WWL:EAST:HAR8605"
"LS-003706","GALVESTON AVE","8603","WWL:EAST:GAL8603"
"LS-003708","ARLINGTON PL","512","WWL:EAST:ARL512"
"LS-003480","KONA AVE","8469","WWL:EAST:KON8469"
"LS-003704","KONA AVE","8744","WWL:EAST:KON8744"
"LS-003515","LITTLE RIVER RD","343","WWL:STJOHNS:LIT343"
"LS-003886","REDPOLL AVE","5709","WWL:NORTH:RED5709"
"LS-003890","MANGROVE THICKET BLVD","246","WWL:STJOHNS:MAN246"
"LS-003891","HOWLAND DR","156","WWL:STJOHNS:HOW156"
"LS-001475","MONCRIEF RD","3942","WWL:NORTH:MON3942"
"LS-003747","DRYSDALE DR","506","WWL:WEST:DRY509"
"LS-003902","WEXFORD CHASE RD","9498","WWL:SOUTH:WEX9498"
"LS-003901","AIRPORT CENTER DR","80","WWL:NORTH:AIR60"
"LS-003920","PEARL ST N","7891","WWL:NORTH:PEA7891"
"LS-003906","103RD ST","7544","WWL:WEST:1037544"
"LS-002407","WEST VIRGINIA AVE","6911","WWL:NORTH:WES6911"
"LS-003910","SILVERTHORN DR","4649","WWL:SOUTH:OLD12222"
"LS-003921","COMMERCE BLVD","87447","WWL:NASSAU:COM87447"
"LS-003964","WANDERING WOODS WAY","172","WWL:STJOHNS:WAN172"
"LS-003965","FEVER HAMMOCK DR","168","WWL:STJOHNS:FEV168"
"LS-003966","HOOD LANDING RD","12604","WWL:SOUTH:HOO12604"
"LS-001101","HOME PARK CIR E","2223","WWL:EAST:HOM2223"
"LS-003974","BALBOA RD","7106","WWL:SOUTH:BAL7106"
"LS-003978","TAR KILN RD","3925","WWL:SOUTH:TAR3925"
"LS-003979","WORCESTER CT","503","WWL:NORTH:WOR503"
"LS-003980","GOSPEL DR","100","WWL:STJOHNS:GOS100"
"LS-003976","WESTBERRY RD","2829","WWL:SOUTH:WES2829"
"LS-003983","GULFSTREAM WAY","200","WWL:STJOHNS:GUL200"
"LS-003986","PARKSIDE PRESERVE WAY","11162","WWL:SOUTH:PAR11162"
"LS-003984","VESTAVIA CT","105","WWL:STJOHNS:VES103"
"LS-003985","WHITMORE OAKS DR","12386","WWL:SOUTH:WHI12386"
"LS-003989","BRADLEY RD","10078","WWL:EAST:BRA10078"
"LS-003714","PHILIPS HWY","12121","WWL:SOUTH:PHI12121"
"LS-003987","PERDIDO ST","386","WWL:STJOHNS:PER386"
"LS-003995","DEVON PINES DR","8930","WWL:EAST:DEV8930"
"LS-003826","BRISTOL AVE","87057","WWL:NASSAU:BRI87057"
"LS-004000","LONGLEAF BRANCH DR","7326","WWL:WEST:LON7326"
"LS-003999","SUNBEAM RD","4760","WWL:SOUTH:SUN4760"
"LS-004001","JULINGTON CREEK RD","3701","WWL:SOUTH:JUL3701"
"LS-004004","LONGLEAF PINE PKWY","6125","WWL:STJOHNS:LON6125"
"LS-003997","ANN SCOTT DR","251","WWL:STJOHNS:ANN251"
"LS-001120","I-95 REST AREA NORTHBOUND","331","WWL:STJOHNS:RESI95N"
"LS-004012","OAK VALLEY CT","4424","WWL:SOUTH:OAK4424"
"LS-004003","HUTTON LN","16073","WWL:NORTH:HUT16073"
"LS-004006","CHRISTINE MARIE CT","13026","WWL:EAST:CHR13026"
"LS-004008","PREVEZA CT","2878","WWL:EAST:PRE2878"
"LS-004007","ASPEN TRAILS DR","458","WWL:STJOHNS:ASP458"
"LS-004009","BARTRAM CREEK BLVD","14992","WWL:STJOHNS:BAR14992"
"LS-004022","LAGOON COURSE DR","63","WWL:STJOHNS:LAG63"
"LS-004011","NEWBERRY DR","147","WWL:STJOHNS:NEW147"
"LS-004014","CARNATION ST","46","WWL:STJOHNS:CAR46"
"LS-004018","TATE LN","88","WWL:STJOHNS:TAT88"
"LS-004020","BALVENIE DR","258","WWL:STJOHNS:BAL258"
"LS-004025","YELLOW BLUFF RD","14422","WWL:NORTH:YEL14422"
"LS-004015","WILD CYPRESS CIR","814","WWL:STJOHNS:WIL814"
"LS-004028","TIMBER LAKES DR","95151","WWL:NASSAU:TIM95151"
"LS-004023","CEDAR POINT RD","4194","WWL:NORTH:CED4194"
"LS-004019","SPRING CREEK WAY","290","WWL:STJOHNS:SPR290"
"LS-004024","YELLOW BLUFF RD","12771","WWL:NORTH:YEL12771"
"LS-004026","LONE EAGLE WAY","211","WWL:STJOHNS:LON211"
"LS-004021","SENEGAL DR","53","WWL:STJOHNS:SEN53"
"LS-004030","COCONUT PALM PKWY","585","WWL:STJOHNS:COC585"
"LS-004034","PATRIOT RIDGE RD","2079","WWL:WEST:PAT2079"
"LS-004032","ROUEN COVE DR","12276","WWL:NORTH:ROU12276"
"LS-004031","BALLASTONE DR","4970","WWL:SOUTH:BAL4970"
"LS-004027","SOLIS AVE","57","WWL:STJOHNS:SOL57"
"LS-004033","ANILA ST","23","WWL:STJOHNS:ANI23"
"LS-004038","YORK ST","2301","WWL:EAST:YOR2301"
"LS-004036","RUSSELL BRIDGE DR","14749","WWL:STJOHNS:RUS14749"
"LS-004055","BLUEWATER DR","2037","WWL:STJOHNS:BLU2037"
"LS-004042","TIERRA COVE","38","WWL:STJOHNS:TIE38"
"LS-004037","AMALURRA TRL","221","WWL:STJOHNS:AMA221"
"LS-004039","AVENUES WALK BLVD","10910","WWL:SOUTH:AVE10910"
"LS-004048","CASPIA LN","473","WWL:STJOHNS:CAS473"
"LS-004051","STONE RIDGE DR","550","WWL:STJOHNS:STO550"
"LS-004041","STONE MASON DR","296","WWL:STJOHNS:STO296"
"LS-004044","STEVENTON WAY","7257","WWL:WEST:STE7257"
"LS-004035","RIVER STORY DR","14278","WWL:SOUTH:RIV14278"
"LS-004046","SHEARWATER PKWY","635","WWL:STJOHNS:SHE635"
"LS-004047","SHEARWATER PKWY","873","WWL:STJOHNS:SHE873"
"LS-004040","LIBERTY ST N","825","WWL:NORTH:LIB825"
"LS-001565","NIBLICK DR","2078","WWL:WEST:NIB2078"
"LS-004052","STONE CREEK LN","159","WWL:STJOHNS:STO159"
"LS-004045","CHAPMAN OAKS DR","2749","WWL:SOUTH:CHA2749"
"LS-004050","SHADY BRIDGE TRL","12490","WWL:SOUTH:SHA12490"
"LS-004049","ARIANA ELYSE DR","12021","WWL:SOUTH:ARI12021"
"LS-004061","BLACK TERN DR","85990","WWL:NASSAU:BLA85990"
"LS-001103","HOOD LANDING RD","11861","WWL:SOUTH:HOO11861-1"
"LS-004054","HARBOR CONCOURSE CIR","97026","WWL:NASSAU:HAR97026"
"LS-004058","CALUMET FARMS  DR","12143","WWL:SOUTH:CAL12143"
"LS-004016","NOGAL LN","13376","WWL:EAST:NOG13376"
"LS-004057","PINE LAKE DR","174","WWL:STJOHNS:PIN174"
"LS-004059","FLYNN ROAD WEST","2689","WWL:SOUTH:FLY2689"
"LS-004056","RUSSELL SAMPSON RD","10561","WWL:STJOHNS:RUS10561"
"LS-004065","PINELAND BAY DR","993","WWL:STJOHNS:PIN993"
"LS-004064","BAPTIST CENTER DR","11205","WWL:NORTH:BAP11205"
"LS-004063","WILDERNESS RIDGE DR","149","WWL:STJOHNS:WIL149"
"BPS-002867","WESTERN WAY","8617","WWL:SOUTH:WES8617B"
"LS-003982","BEAVER ST W","15701","WWL:WEST:BEA15701"
"LS-004043","JULINGTON LAKES DR","674","WWL:STJOHNS:JUL674"
"BPS-000639","COUNTY ROAD 210 W","2740","WWL:STJOHNS:COU2740B"
"LS-004010","SIGNATURE DR","64","WWL:STJOHNS:SIG64"
"LS-004013","LUMBER CREEK BLVD","77857","WWL:NASSAU:LUM77857"
"LS-003973","LOGAN ST","1055","WWL:NORTH:LOG1055"
"LS-004066","BOWLAN ST S","273","WWL:EAST:BOW273"
"LS-004062","ARBOR MILL CIR","4084","WWL:WEST:ARB4802"
"LS-004067","SPANISH CREEK DR","175","WWL:STJOHNS:SPA175"
"LS-004069","GILLESPIE GARDENS DR","304","WWL:NORTH:GIL304"
"LS-004068","KAYAK CLUB DR","425","WWL:STJOHNS:KAY425"
"LS-003494","SHINNECOCK DR","40","WWL:STJOHNS:SHI40"
"BPS-001950","SAN CLERC RD","4241","WWL:SOUTH:SAN4241B"
"BPS-001645","OLDFIELD CROSSING DR","4393","WWL:SOUTH:OLD4193B"
"LS-003188","COMMONWEALTH AVE","6674-1","WWL:WEST:COM6674-1"
"LS-003189","COMMONWEALTH AVE","6674-2","WWL:WEST:COM6674-2"
"LS-004060","PHILIPS HWY","13725","WWL:STJOHNS:PHI13725"
"LS-004053","AUTHORITY AVE","6121","NONE"
"LS-003993","MIRANDA RD","4","WWL:STJOHNS:MIR4"
"LS-004071","SUNNYDALE LANE","7627","WWL:SOUTH:SUN7627"
"LS-004070","ASHLAR DR","155","WWL:STJOHNS:ASH155"
"LS-004072","BROTHERS WALK LN","8143","WWL:EAST:BRO8143"
"LS-004074","CLYDESDALE DR W","10728","WWL:SOUTH:CLY10728"
"LS-004076","AVERY PARK LN","13443","WWL:NORTH:AVE13443"
"LS-004075","PAVNES CREEK DR","9996","WWL:WEST:PAV9996"
"LS-004079","KIT FOX PKWY","10139","WWL:WEST:KIT10139"
"LS-004081","COPPINGER PL","105","WWL:STJOHNS:COP105"
"LS-004078","HERON BAY RD","205","WWL:NORTH:HER205"
"LS-004077","ALEXIA CIR","2517","WWL:EAST:ALE2517"
"LS-004082","NORTHSIDE DR S","391","WWL:NORTH:NOR391"
"LS-004080","CEDAR HAMMOCK WAY","13306","WWL:NORTH:CED13306"
"LS-004084","TIMBERLAND FOREST DR","426","WWL:STJOHNS:TIM426"
"LS-004083","APRIL OAKS DR","1938","WWL:WEST:APR1938"
"LS-004085","BENT CREEK DR","340","WWL:STJOHNS:BEN340"
"LS-004088","CROSSWATER LAKE DR","245","WWL:STJOHNS:CRO245"
"LS-004090","TARTUS DR","2591","WWL:EAST:TAR2591"
"LS-004086","ALBANY BAY BLVD","84","WWL:STJOHNS:ALB84"
"LS-004094","BEACHWALK BLVD","211","WWL:STJOHNS:BEA211"
"LS-004091","INDIAN GRASS DR","47","WWL:STJOHNS:IND47"
"LS-004089","PRESTON PINES TRL","7171","WWL:WEST:PRE7171"
"LS-002064","OUTBACK DR","14038","WWL:NORTH:OUT14038"
"LS-004096","COLLEGE PKWY","95530","WWL:NASSAU:COL95530"
"LS-004101","RIVER HOLLOW LN","11382","WWL:NORTH:RIV11382"
"LS-004103","TOWNSEND VILLAGE LN","7210","WWL:EAST:TOW7210"
"LS-004098","SARAHS LANDING DR","1282","WWL:WEST:SAR1282"
"LS-004095","PALM RESERVE LN","7202","WWL:WEST:PAL7202"
"LS-004092","ALBANY BAY BLVD","383","WWL:STJOHNS:ALB383"
"LS-004106","SEA ISLAND DR","12429","WWL:EAST:SEA12429"
"LS-004102","FOURAKER FOREST RD","8142","WWL:WEST:FOU8142"
"LS-004113","KAPALUA PL","182","WWL:STJOHNS:KAP182"
"LS-004105","MARQUESA CIR","43","WWL:STJOHNS:MAR43"
"LS-004104","BARTRAM CREEK BLVD","14525","WWL:STJOHNS:BAR14525"
"LS-004093","WATERLINE DR","248","WWL:STJOHNS:WAT248"
"LS-004100","PALM POINT DR","94995","WWL:NASSAU:PAL94995"
"LS-004097","SHETLAND DR","958","WWL:STJOHNS:SHE958"
"LS-004107","PRICE PARK DR","9677","WWL:SOUTH:PRI9677"
"LS-004114","LIBERTY TREE PL","1674","WWL:WEST:LIB1674"
"LS-004108","HONEY BLOSSOM RD","52","WWL:STJOHNS:HON52"
"LS-004110","VENTNOR AVE","10888","WWL:NORTH:VEN10888"
"LS-004116","LAZY LAKE CIR","86590","WWL:NASSAU:LAZ86590"
"LS-004117","CHITWOOD DR","10931","WWL:NORTH:CHI10931"
"LS-004112","WHISTLING STRAITS DR","132","WWL:STJOHNS:WHI132"
"LS-004099","ADELENA LN","1279","WWL:WEST:ADE1279"
"LS-004136","SANDY CREEK PKWY","1536","WWL:STJOHNS:SAN1536"
"LS-004115","DURBIN PAVILION DR","332","WWL:STJOHNS:DUR332"
"LS-004118","HAMPTON CREEK RD","5609","WWL:NORTH:HAM5609"
"LS-004121","OWENS RD","1820","NONE"
"LS-004109","WHITEFISH TRL","119","WWL:STJOHNS:WHI119"
"LS-004122","GILMORE GROVE WAY","9210","WWL:EAST:GIL9210"
"LS-004120","CHANDLER DR","154","WWL:STJOHNS:CHA154"
"LS-004119","KEVIN RD","9831","WWL:SOUTH:KEV9831"
"LS-004141","PHILIPS HWY","14193","WWL:STJOHNS:PHI14193"
"LS-004135","HIDDEN OAKS LN","13824","WWL:EAST:HID13824"
"LS-004129","SANDOWN DR","93066","WWL:NASSAU:SAN93066"
"LS-004133","SEA PALM AVE","2371","WWL:NORTH:SEA2371"
"LS-004128","CROSSCUT WAY","77021","WWL:NASSAU:CRO77021"
"LS-004125","LAKE SHANNON DR","5171","WWL:NORTH:LAK5171"
"LS-004126","CREEKVILLE DR","95422","WWL:NASSAU:CRE95422"
"LS-004132","ABBOT COVE DR","10644","WWL:EAST:ABB10644"
"LS-004123","TAMAYA BLVD","3270","WWL:EAST:TAM3270"
"LS-004131","BIGHORN TRL","9220","WWL:WEST:BIG9220"
"LS-004127","CAMEO DR","490 ","WWL:STJOHNS:CAM490"
"LS-004140","AVENTURA DR","10871","WWL:SOUTH:AVE10871"
"LS-004138","SHINER DR","3685","WWL:NORTH:SHI3685"
"LS-004137","ALTA LAKES BLVD","3312","WWL:NORTH:ALT3312"
"LS-004143","MERCHANTS WAY","8140","WWL:WEST:MER8140"
"LS-004144","OLD COTTAGE DR","44","WWL:STJOHNS:OLD44"
"LS-004142","SHADOW CV","40","WWL:STJOHNS:SHA40"
"LS-004146","POTTSBURG POINT DR","1702","WWL:EAST:POT1702"
"LS-000633","CORONET LN","3000","WWL:EAST:COR3000"
"LS-001853","REGENCY SQUARE BLVD","9484","WWL:EAST:REG9484"
"LS-002188","STACEY RD","14618","WWL:EAST:STA14618"
"LS-004154","WELLS CREEK PKWY","12135","WWL:STJOHNS:WEL12135"
"LS-004155","BROOKWATER DR","13811","WWL:STJOHNS:BRO13811"
"LS-004148","LONGLEAF BRANCH DR","6460","WWL:WEST:LON6460"
"LS-004150","RUBY COVE CT","8909","WWL:SOUTH:RUB8908"
"LS-004134","SPRING LIGHT CIR","14605","WWL:NORTH:SPR14605"
"LS-004159","SADDLED CHARGER DR","15686","WWL:WEST:SAD15686"
"LS-004147","ANTILA WAY","110","WWL:STJOHNS:ANT110"
"LS-004156","SLATE CT","96931","WWL:NASSAU:SLA96931"
"LS-004163","BARDIN RD","11861","WWL:NORTH:BAR11861"
"LS-004145","MANDARIN PRESERVE DR","11046","WWL:SOUTH:MAN11046"
"LS-004157","SHEARWATER PKWY","1622","WWL:STJOHNS:SHE1622"
"LS-004164","NALA LN","10192","WWL:NORTH:NAL10192"
"LS-004158","GARDEN ST","9646","WWL:WEST:GAR9646"
"LS-004151","DOLPHIN POINT BLVD","5301","WWL:EAST:DOL5301"
"LS-004130","WILLIAMSTOWN DR","12074","WWL:STJOHNS:WIL12074"
"LS-004124","ORCHARD GROVE DR","12459","WWL:NORTH:ORC12459"
"LS-004173","RIVERWALK CT","10335","WWL:NORTH:RIV10335"
"BPS-004153","ENERGY CENTER DR","6850","WWL:SOUTH:ENE6850B"
"LS-004161","WILLIAM BURGESS BLVD","76040","WWL:NASSAU:WIL76040"
"LS-004170","FALL RIVER  PKWY","85633","WWL:NASSAU:FAL85633"
"LS-004165","MEADOW WALK LN","8371","WWL:SOUTH:MEA8371"
"LS-004152","NETHER ST","83780","WWL:NASSAU:NET83780"
"LS-004176","ANDESITE TRL","80","WWL:STJOHNS:AND80"
"LS-004171","SQUARE ST","11399","WWL:SOUTH:SQU11399"
"LS-004139","AIRCOUPE RD","13252","WWL:WEST:AIR13252"
"LS-004160","WISDOM CT","2519","WWL:WEST:WIS2519"
"LS-004182","WOODBURY DR","15593","WWL:WEST:WOO15593"
"LS-004169","SPARTINA GRASS DR","13206","WWL:NORTH:SPA13206"
"LS-004172","BARTRAM MARKET DR","409","WWL:STJOHNS:BAR409"
"LS-004183","IGNITION DR","2687","WWL:NORTH:IGN2687"
"LS-004184","ARALIA LN","250","WWL:EAST:ARA250"
"LS-004167","ROBERT E WILLIAMS DR","77040","NONE"
"LS-004185","INNOVATION WAY","10236","WWL:SOUTH:INN10236"
"LS-004177","SANDLER LAKES DR","6656","WWL:WEST:SAN6656"
"LS-004188","VOYSEY PL","59","WWL:STJOHNS:VOY59"
"LS-004178","CARTER LANDING BLVD","1966","WWL:WEST:CAR1966"
"LS-004174","WHITE CYPRESS DR","97","WWL:STJOHNS:WHI97"
"LS-004179","FIDDLEBACK LN","9782","WWL:WEST:FID9782"
"LS-004181","WILDLIGHT AVE","326","WWL:NASSAU:WIL326"
"LS-004186","WESTWICK LN","9156","WWL:EAST:WES9156"
"LS-004190","BARTRAM RANCH BLVD","312","WWL:STJOHNS:BAR312"
"LS-004168","MADELYNN DR","11422","WWL:SOUTH:MAD11422"
"LS-004192","MARGARETS LANDING PL","11212","WWL:NORTH:MAR11212"
"LS-004189","FRONTIER SQ","136","WWL:STJOHNS:FRO136"
"LS-004175","POINT MEADOWS DR","7736","WWL:SOUTH:POI7736"
"LS-004193","REDFISH MARSH CIR","9925","WWL:NORTH:RED9925"
"LS-004180","SILVERBROOK TRL","10367","WWL:SOUTH:SIL10367"
"LS-004197","WATERVALE DR","135","WWL:STJOHNS:WAT135"
"LS-004196","MAINLINE RD","86274","WWL:NASSAU:MAI86274"
"LS-004207","ANNIES PL","408","WWL:NORTH:ANN408"
"LS-004194","SAN PABLO PKWY","3661","WWL:EAST:SAN3661"
"LS-004203","WINDLEY DR","985","WWL:STJOHNS:WIN985"
"LS-004198","MAXINE BRANCH WAY","1888","WWL:NORTH:MAX1888"
"LS-004202","FARMALL DR","2989","WWL:NORTH:FAR2989"
"LS-004205","ESTUARY WAY","75468","WWL:NASSAU:EST75468"
"LS-004200","CREEKSIDE CROSSING DR","5973","WWL:WEST:CRE5973"
"LS-004204","HASU RD","70","WWL:STJOHNS:HAS70"
"LS-004195","SCOTCH PEBBLE DR","117","WWL:STJOHNS:SCO117"
"LS-004199","ANTHEM RIDGE DR","227","WWL:STJOHNS:ANT227"
"LS-004201","CAMFIELD LANDING DR","7095","WWL:WEST:CAM7095"
"LS-004213","OYSTER CREEK RD","11394","WWL:NORTH:OYS11394"
"LS-004223","HARVESTER ST","75430","WWL:NASSAU:HAR75426"
"LS-004208","FALL RIVER  PKWY","84695","WWL:NASSAU:FAL84695"
"LS-004216","CLAPBOARD CROSSING WAY","4687","WWL:NORTH:CLA4687"
"LS-004191","KETTERING CROSSING DR","11205","WWL:SOUTH:KET11205"
"LS-004217","SAND HARBOR DR","290","WWL:STJOHNS:SAN290"
"LS-004209","RIVERTOWN SHOPS DR","179","WWL:STJOHNS:RIV179"
"LS-004206","SILKGRASS PL","324","WWL:STJOHNS:SIL324"
"LS-004219","MEADOW CREEK DR","438","WWL:STJOHNS:MEA438"
"LS-004210","PURUS WAY","290","WWL:STJOHNS:PUR290"
"LS-004225","HOLSINGER BLVD","13510","WWL:STJOHNS:HOL13510"
"LS-004212","LAUREL BAY DR","12783","WWL:EAST:LAU12783"
"LS-004218","ROTARY RD","932","WWL:EAST:ROT932"
"LS-004211","SAWMILL POINT WAY","5208","WWL:WEST:SAW5208"
"LS-004214","OPEN FIELD RD","9189","WWL:WEST:OPE9189"
"LS-004215","PANTHER LAKE PKWY","1550","WWL:WEST:PAN1550"
"LS-004221","VICTORY CROSSING BLVD","8233","WWL:WEST:VIC8233"
"LS-004222","SHEARWATER PKWY","2159","WWL:STJOHNS:SHE2159"
"BPS-004187","RAMPART RD","7806","WWL:WEST:RAM7806B"
"LS-004229","HARPER LN","314","WWL:STJOHNS:HAR314"
"LS-004233","POTTERS MILL TRL","59","WWL:STJOHNS:POT59"
"LS-004234","SPINNER DR","161","WWL:STJOHNS:SPI161"
"LS-004227","PALMETTO BLUFF DR","13053","WWL:EAST:PAL13053"
"LS-004230","GILLESPIE AVE","12260","WWL:NORTH:GIL12260"
"LS-004231","STILLWATER BLVD","409","WWL:STJOHNS:STI409"
"LS-004236","NEWTONIAN BLVD","11328","WWL:SOUTH:NEW11328"
"LS-004237","CODY CREEK CT","16683","WWL:NORTH:COD16683"
"LS-004246","VALLEY FALLS WAY","225","WWL:STJOHNS:VAL225"
"LS-004248","SAINT ELIZABETH WAY","372","WWL:STJOHNS:STE372"
"LS-004245","ANTHEM WAY","10481","WWL:SOUTH:ANT10481"
"LS-004244","HUDSON GROVE DR","2189","WWL:NORTH:HUD2189"
"LS-004243","BROOKWATER DR","13591","WWL:STJOHNS:BRO13591"
"LS-004242","WANING WAY","4965","WWL:SOUTH:WAN4965"
"LS-004241","CHERRY RIDGE DR","452","WWL:WEST:CHE452"
"LS-004240","FLOCO AVE","330","WWL:NASSAU:FLO330"
"LS-004239","TAN TARA TRL","1400","WWL:WEST:TAN1400"
"LS-004238","BURBANK AVE","424","WWL:STJOHNS:BUR424"
"LS-004235","DRIGGERS ST","7808","WWL:WEST:DRI7808"
"LS-004232","LATTICE CT","14604","WWL:NORTH:LAT14604"
"LS-004226","ALLEGIANCE PL","1910","WWL:WEST:ALL1910"
"LS-004249","FILAMENT BLVD","9878","WWL:SOUTH:FIL9878"
"LS-004250","ASSEMBLY ST","11245","WWL:SOUTH:ASS11245"
"LS-004247","HOLSINGER BLVD","13095","WWL:STJOHNS:HOL13095"
"BPS-004228","BRADLEY RD","10477","WWL:EAST:BRA10477B"
"LS-004252","BROWN BEAR RUN","1071","WWL:STJOHNS:BRO1071"
"LS-004251","KISTLERS RIDGE WAY","2293","WWL:WEST:KIS2293"
"LS-004253","MORNING BLUFF DR","6349","WWL:WEST:MOR6349"
"LS-004256","PASADENA DR","87","WWL:STJOHNS:PAS87"
"LS-004255","JUBILEE CIR","151","WWL:NASSAU:JUB151"
"LS-004254","SPRING GARDEN CT","3771","WWL:SOUTH:SPR3771"
"LS-004257","TERRAPIN CT","237","WWL:NORTH:TER237"
"LS-004258","FLORENCE JEAN DR","10503","WWL:SOUTH:FLO10503"
"LS-004260","ROSEMONT DR","26","WWL:STJOHNS:ROS26"
"LS-004261","RIBAULT SCENIC DR","2026","WWL:NORTH:RIB2026"
"LS-004262","EDGEWATER DR","65980","WWL:NASSAU:EDG65980"
"LS-004263","CYPRESS EDGE DR","29","WWL:STJOHNS:CYP29"
"LS-004264","STILLWATER BLVD","1177","WWL:STJOHNS:STI1177"
"LS-004265","MATILDA LN","436","WWL:EAST:MAT436"
"LS-004269","LACEBARK PINE LN","5211","WWL:SOUTH:LAC5211"
"LS-004266","SHELL RIDGE LN","166","WWL:STJOHNS:SHE166"
"LS-004267","TROUT TIDES BLVD","9731","WWL:NORTH:TRO9731"
"LS-004268","HELMSLEY BLVD","8299","WWL:WEST:HEL8299"
"LS-004259","CRAVEN RD","9833","WWL:SOUTH:CRA9833"
"LS-004270","PEACE RIVER RD","208","WWL:STJOHNS:PEA208"
"LS-004271","ABESS BLVD","11790","WWL:EAST:ABE11790"
"LS-004272","TRACKER ST","131","WWL:STJOHNS:TRA131"
"LS-004273","SAPP RD S","2410","WWL:NORTH:SAP2410"
"LS-004274","KATHERINE ST","95421","WWL:NASSAU:KAT95421"
"LS-004275","JONES RD","3766","WWL:WEST:JON3766"
"LS-004276","A1A N","292","WWL:STJOHNS:A1A292"
"LS-004277","DOMAIN DR","11229","WWL:SOUTH:DOM11229"
"LS-004278","BEE BALM LN","104","WWL:STJOHNS:BEE104"
"LS-004280","STORYBROOK PT","257","WWL:STJOHNS:STO257"
"LS-004279","WAMBAW DR","213","WWL:STJOHNS:WAM213"
"LS-004281","DUVAL RD","12921","WWL:NORTH:DUV12921"
"LS-004285","PEYTON PKWY E","155","WWL:STJOHNS:EAS155"
"LS-004282","ZOO PKWY","1511","WWL:NORTH:ZOO1511"
"LS-004283","COPPER RIDGE RD","7766","WWL:WEST:COP7766"
"LS-004284","PALM CREST DR","519","WWL:STJOHNS:PAL519"
"LS-004286","PRITCHARD RD","9909","WWL:WEST:PRI9909"
"LS-004287","BEACHWALK SHORE DR","160","WWL:STJOHNS:BEA160"
"LS-004288","RUSSIAN OLIVE RD","12488","WWL:NORTH:RUS12488"
"LS-004289","CURVED BAY TRL","450","WWL:STJOHNS:CUR450"
"LS-004290","HOLLOW BIRCH DR","5681","WWL:WEST:HOL5681"
"LS-004294","ISOTOPE CT","11063","WWL:SOUTH:ISO11063"
"LS-004291","SADLER TRACE WAY","2553","WWL:WEST:SAD2553"
"LS-004292","WILDLIGHT AVE","677","WWL:NASSAU:WIL677"
"LS-004293","BRIDGEWATER DR","75572","WWL:NASSAU:BRI75572"
"LS-004295","JACKS RD","5721","WWL:WEST:JAC5721"
"LS-004297","CEDAR SLOUGH DR","927","WWL:WEST:CED927"
"BPS-004296","ROBENA RD","3742","WWL:NORTH:ROB3742B"
"LS-004298","INDIGO DR","3512","WWL:EAST:IND3512"
"LS-004299","SIENNA PALM DR","181","WWL:STJOHNS:SIE181"
"LS-004300","STILLWATER BLVD","1860","WWL:STJOHNS:STI1860"
"LS-004302","WATERFIELD RD","10757","WWL:WEST:WAT10757"
"LS-004326","BENSON LAKE DR","10450","WWL:WEST:BEN10450"
"LS-004303","SANDY RIDGE LOOP","85025","WWL:NASSAU:SAN85025"
"LS-004306","FIERA VISTA DR","3202","WWL:EAST:FIE3202"
"LS-004305","CROSSTOWN BLVD","135","WWL:NASSAU:CRO135"
"LS-004304","SEAFORTH DR","160","WWL:STJOHNS:SEA160"
"LS-004307","BAYWINDS CT","30","WWL:STJOHNS:BAY30"
"LS-004308","CLARK RD","475","WWL:NORTH:CLA475"
"LS-004315","MIRAGE ST","6850","WWL:WEST:MIR6850"
"LS-004311","BRAZIL NUT CIR","85","WWL:NORTH:BRA85"
"LS-004312","GRAND PINE DR","12402","WWL:SOUTH:GRA12042"
"LS-004314","BOULDER LN","117","WWL:STJOHNS:BOU117"
"LS-004310","HARD PINE TRL","24","WWL:STJOHNS:HAR24"
"LS-004313","MORSE AVE","5450","WWL:WEST:MOR5450"
"LS-004317","HIGH FALLS DR","1391","WWL:WEST:HIG1391"
"LS-004316","PALOMAR DR","175","WWL:STJOHNS:PAL175"
"LS-004319","HYATT RD","14082","WWL:NORTH:HYA14082"
"LS-004318","STILLWOOD PINES BLVD","11761","WWL:SOUTH:STI11761"
"LS-004320","RIBAULT SCENIC DR","1661","WWL:NORTH:RIB1661"
"LS-004321","ACCOLADE AVE","280","WWL:STJOHNS:ACC280"
"LS-004323","PALM VALLEY RD","442","WWL:STJOHNS:PAL442"
"LS-004322","BELFORT LANDING DR","8518","WWL:SOUTH:BEL8518"
"LS-004324","MYRTLE OAK RD","6811","WWL:NORTH:MYR6811"
"LS-004325","WHELAN AVE","12706","WWL:NORTH:WHE12706"
"LS-004329","PERCY CREEK DR","12607","WWL:NORTH:PER12607"
"LS-004328","BAY LAKE DR","98","WWL:STJOHNS:BAY98"
"LS-004327","LUSSO LN","4640","WWL:SOUTH:LUS4640"
"LS-004331","TELLARO LN","5420","WWL:WEST:TEL5420"
"LS-004332","GOLDEN MONARCH AVE","6804","WWL:SOUTH:GOL6804"
"LS-004334","PARKLAND VIEW LN","12273","WWL:NORTH:PAR12273"
"LS-004336","BARTRAM COMMONS DR","5425","WWL:STJOHNS:BAR5425"
"LS-004337","SEAPORT BREEZE RD","127","WWL:STJOHNS:SEA127"
"LS-004340","LATIGO LN","9375","WWL:WEST:LAT9375"
"LS-004339","OAK PARK DR","34","WWL:STJOHNS:OAK34"
"LS-004335","PINE CHASE WAY","118","WWL:STJOHNS:PIN118"
"BPS-004333","ART WILSON LN","85008","WWL:NASSAU:ART85008B"
"LS-004338","ROBITZSCH LN","5825","WWL:WEST:ROB5825"
"LS-002439","WILLIAM MILLS ST","5800","WWL:NORTH:WIL5800"
"LS-004343","GOLD STAR FAMILY PKWY","1757","WWL:NORTH:GOL1757"
"LS-004342","GAP CREEK DR","336","WWL:STJOHNS:GAP336"
"LS-004345","BRIAR PATCH PL","5305","WWL:WEST:BRI5305"
"LS-004344","EDDINGTON WAY","81","WWL:STJOHNS:EDD81"
"LS-004346","CAMPHOR LNUREL LN","6450","WWL:NORTH:CAM6450"
"LS-004348","TARSUS CT","5540","WWL:EAST:TAR5540"
"LS-004350","SKINNER CENTURY LN","6877","WWL:SOUTH:SKI6877"
"LS-004353","HEALTH WALK WAY","840","WWL:EAST:HEA840"
"LS-004351","HORSEBIT CIR","8132","WWL:WEST:HOR8132"
"LS-004354","EPPLY DR","14293","WWL:NORTH:EPP14293"
"LS-004356","HAWKES MEADOW DR","8206","WWL:WEST:HAW8206"
"LS-004357","QUEENSGATE CIR","7303","WWL:NORTH:QUE7303"
"LS-004360","GREATFORD WAY","7811","WWL:NORTH:GRE7811"
"LS-004361","ROBERT MASTERS BLVD","11847","WWL:NORTH:ROB11847"
"LS-004362","HEMLOCK ST","4351","WWL:NORTH:HEM4351"
"LS-002295","TOWNSEND BLVD","3254","WWL:EAST:TOW3254"
"LS-004363","LUMINOUS AVE","322","WWL:STJOHNS:LUM322"
"LS-004364","HARMONIOUS LN","9110","WWL:WEST:HAR9110"
"LS-004365","CLAIBORNE LN","592","WWL:STJOHNS:CLA592"
"LS-000256","BAYMEADOWS CIR W","8115","WWL:SOUTH:BAY8115"
"LS-004367","KINGBIRD DR","405","WWL:STJOHNS:KIN405"
"LS-004369","OAKMOSS DR","436","WWL:STJOHNS:OAK436"
"LS-004371","MARE AVE","6317","WWL:WEST:MAR6317"
"LS-004372","CONFERENCE DR","5199","WWL:WEST:CON5199"
"LS-004374","SAILOR GROVE LN","744","WWL:WEST:SAI744"
"LS-004375","HEADSTREAM DR","141","WWL:STJOHNS:HEA141"
"LS-001192","KEY HAVEN BLVD","10800","WWL:NORTH:KEY10800-1"
"LS-004377","AIRCOUPE RD","13500","WWL:WEST:AIR13500"
"LS-004376","VICTORIA CREEK LN","5802","WWL:NORTH:VIC5802"
"LS-004380","JEWELSTONE LN","1331","WWL:WEST:JEW1331"
"LS-004381","EGRET BRANCH WAY","902","WWL:NORTH:EGR902"
"LS-004382","CORBETT ST","2456","WWL:NORTH:COR2456"
"LS-004386","Copper Mallard Pl","12234","WWL:WEST:COP12234"
"LS-004385","SCHOOLMARM ST","3246","WWL:NORTH:SCH3246"
"LS-004388","MCMASTER DR","15207","WWL:NORTH:MCM15207"
"LS-004387","FABIUS WAY","12755","WWL:NORTH:FAB12755"
"LS-004392","CRAWFORDS COVE CIR","3025","WWL:SOUTH:CRA3025"
"LS-004401","PEPPERVINE WAY","533","WWL:NASSAU:PEP533"
"LS-004402","SANDHILL CROSSING RD","595","WWL:NORTH:SAN595"
"LS-000966","GOOD NEIGHBOR TRL","12429","WWL:EAST:GOO12429"
"LS-001701","PEREGRINE CT","132","WWL:EAST:PER132"
"LS-000609","COLLINS RIDGE BLVD N","8529","WWL:WEST:COL8529"
"LS-001670","PALL MALL DR","3580","WWL:SOUTH:PAL3580"
"LS-002183","ST JOSEPHS RD","11604","WWL:SOUTH:STJ11604"
"LS-002308","TROPIC EGRET DR","13383","WWL:EAST:TRO13383"
"LS-000018","A C SKINNER PKWY","7200","WWL:SOUTH:ACS7200"
"LS-002204","STONEBRIDGE DR W","11866","WWL:SOUTH:STO11866"
"LS-001067","HICKSON RD","5940","WWL:EAST:HIC5940"
"LS-000013","5TH ST W","2809","WWL:NORTH:5TH2809"
"LS-001324","LENOX AVE","7702","WWL:WEST:LEN7696"
"LS-002359","UTAH AVE","2045","WWL:EAST:UTA2045"
"LS-000733","DOLOMA ST","1711","WWL:WEST:DOL1711"
"LS-001466","MINER RD","85537","WWL:NASSAU:MIN85537"
"LS-001951","SAN FERNANDO RD","2731","WWL:SOUTH:SAN2731"
"LS-000088","ALIZON ST","907","WWL:STJOHNS:ALI907"
"LS-000080","KITTY HAWK RD","2491","WWL:NORTH:AIRA"
"LS-001824","QUEENS HARBOR BLVD","581","WWL:EAST:QUE581"
"LS-003209","TIMBERCREEK BLVD","76706","WWL:NASSAU:TIM76706"
"LS-003967","MAX LEGGETT PKWY","15171","WWL:NORTH:MAX15171"
"LS-004073","WILDLIGHT AVE","255","WWL:NASSAU:WIL255"
"LS-004111","HAWKS HILL LN E","3161","WWL:SOUTH:HAW3161"
"LS-004220","ENCLAVE RD","1708","WWL:EAST:ENC1708"
"LS-004309","ALPINE ASTER RD","9036","WWL:SOUTH:ALP9036"
"LS-004341","WILDWORKS AVE","444","WWL:NASSAU:WIL444"
"LS-004383","HEADWATERS DR","86219","WWL:NASSAU:HEA86219"
"LS-004389","JURY BOX CIR","111","WWL:NASSAU:JUR111"
"LS-004390","CYPRESS MEADOWS RD","9578","WWL:WEST:CYP9578"
"LS-004403","TIDAL VISTA WAY","258","WWL:STJOHNS:TID258"
"LS-004404","HOPPER PL","5811","WWL:WEST:HOP5811"
"LS-004405","ARROW LN","5508","WWL:WEST:ARR5508"
"LS-004407","OMNI DR","10070","WWL:WEST:OMN10070"
